date,store_id,product_sku,category,units_received,units_sold,units_wasted,unit_cost
2025-12-21,S-02,FP-002,Fresh Produce,114,109,4,3.99
2025-10-18,S-02,HH-004,Household,114,112,2,2.99
2025-12-15,S-07,FP-003,Fresh Produce,23,13,9,4.29
2025-12-04,S-10,FP-002,Fresh Produce,91,83,3,3.99
2025-12-29,S-09,SN-002,Snacks,48,45,1,8.99
2025-10-01,S-03,HH-005,Household,74,71,1,12.49
2025-10-20,S-04,HL-004,Health,63,63,0,9.99
2025-11-18,S-02,BV-003,Beverages,64,63,1,12.99
2025-11-28,S-09,DA-003,Dairy,68,65,1,6.99
2025-12-20,S-10,BV-004,Beverages,93,93,0,4.49
2025-10-06,S-04,HL-005,Health,57,56,0,4.49
2025-10-13,S-07,FZ-003,Frozen,78,76,1,2.99
2025-11-17,S-06,BK-004,Bakery,105,96,4,3.49
2025-12-22,S-02,PT-004,Pantry,101,100,0,3.49
2025-10-21,S-08,BV-005,Beverages,54,52,0,3.99
2025-10-08,S-04,FP-003,Fresh Produce,60,57,3,4.29
2025-10-28,S-10,HL-001,Health,60,57,0,14.99
2025-11-20,S-08,DA-005,Dairy,53,47,1,4.99
2025-12-11,S-09,FZ-002,Frozen,115,110,2,5.49
2025-12-14,S-07,BV-004,Beverages,48,45,0,4.49
2025-10-12,S-01,DA-003,Dairy,39,32,2,6.99
2025-11-24,S-10,FP-005,Fresh Produce,69,63,3,6.49
2025-12-07,S-05,PT-001,Pantry,21,19,0,1.99
2025-12-22,S-06,DA-003,Dairy,57,51,3,6.99
2025-10-01,S-05,MT-003,Meat,117,113,4,8.99
2025-12-20,S-05,HH-001,Household,84,83,0,11.99
2025-11-17,S-03,MT-005,Meat,119,108,11,7.99
2025-12-16,S-06,MT-002,Meat,22,20,0,7.49
2025-11-09,S-04,FP-004,Fresh Produce,50,46,4,5.99
2025-10-11,S-08,FP-005,Fresh Produce,117,109,7,6.49
2025-10-17,S-08,PT-001,Pantry,41,37,1,1.99
2025-10-28,S-09,HL-004,Health,113,110,2,9.99
2025-11-09,S-07,HH-003,Household,103,99,1,8.99
2025-12-06,S-08,DA-003,Dairy,51,48,1,6.99
2025-10-03,S-10,PT-001,Pantry,49,49,0,1.99
2025-10-10,S-01,BK-005,Bakery,28,24,2,6.29
2025-10-10,S-09,FZ-001,Frozen,55,53,1,8.99
2025-12-09,S-03,HL-002,Health,93,91,1,3.99
2025-11-30,S-07,BK-003,Bakery,32,29,0,4.99
2025-11-15,S-07,SN-002,Snacks,79,79,0,8.99
2025-10-08,S-07,HL-002,Health,63,62,0,3.99
2025-10-25,S-04,MT-005,Meat,77,74,2,7.99
2025-11-05,S-08,FZ-001,Frozen,29,28,1,8.99
2025-10-07,S-09,FP-001,Fresh Produce,31,28,2,2.49
2025-10-22,S-07,MT-002,Meat,81,75,3,7.49
2025-10-08,S-03,BV-005,Beverages,20,17,1,3.99
2025-11-28,S-05,SN-003,Snacks,109,104,2,5.49
2025-10-20,S-04,FZ-004,Frozen,47,47,0,7.49
2025-11-10,S-01,FP-004,Fresh Produce,94,85,5,5.99
2025-10-21,S-01,MT-003,Meat,30,28,2,8.99
2025-12-16,S-02,HH-004,Household,50,49,1,2.99
2025-12-12,S-04,PT-003,Pantry,96,96,0,8.99
2025-11-23,S-10,PT-002,Pantry,86,83,1,2.49
2025-10-27,S-06,FZ-001,Frozen,53,51,1,8.99
2025-12-25,S-05,SN-005,Snacks,60,60,0,4.49
2025-11-28,S-10,PT-002,Pantry,32,31,0,2.49
2025-12-04,S-05,DA-004,Dairy,64,58,5,3.29
2025-11-17,S-05,BK-001,Bakery,76,65,6,5.99
2025-11-08,S-10,HH-002,Household,87,85,0,3.49
2025-12-24,S-02,DA-004,Dairy,53,52,1,3.29
2025-12-10,S-03,FZ-003,Frozen,56,54,0,2.99
2025-10-27,S-05,MT-003,Meat,82,79,3,8.99
2025-10-12,S-07,FZ-003,Frozen,25,23,0,2.99
2025-10-17,S-05,BK-001,Bakery,114,103,6,5.99
2025-11-24,S-09,FP-001,Fresh Produce,34,29,0,2.49
2025-10-20,S-09,FP-003,Fresh Produce,67,62,4,4.29
2025-11-25,S-03,FP-003,Fresh Produce,59,57,2,4.29
2025-11-15,S-04,HH-004,Household,51,49,0,2.99
2025-12-11,S-07,PT-005,Pantry,115,114,0,4.99
2025-10-21,S-03,SN-002,Snacks,23,21,0,8.99
2025-11-22,S-04,FZ-003,Frozen,40,37,0,2.99
2025-10-05,S-08,BK-005,Bakery,45,39,3,6.29
2025-11-14,S-05,BK-005,Bakery,48,46,1,6.29
2025-11-21,S-06,FZ-003,Frozen,28,25,1,2.99
2025-12-22,S-09,SN-001,Snacks,106,102,2,4.29
2025-10-04,S-02,FZ-002,Frozen,42,41,1,5.49
2025-10-14,S-10,SN-003,Snacks,64,60,1,5.49
2025-12-17,S-09,DA-003,Dairy,69,62,6,6.99
2025-11-02,S-01,HL-001,Health,75,74,0,14.99
2025-11-16,S-07,FP-005,Fresh Produce,105,37,66,6.49
2025-12-24,S-02,HL-002,Health,58,54,1,3.99
2025-11-11,S-07,HH-005,Household,57,56,0,12.49
2025-11-23,S-07,HH-004,Household,115,113,0,2.99
2025-11-21,S-09,FP-001,Fresh Produce,58,53,2,2.49
2025-12-14,S-10,HH-002,Household,61,57,1,3.49
2025-11-26,S-04,MT-003,Meat,80,69,6,8.99
2025-10-22,S-02,FZ-004,Frozen,85,84,1,7.49
2025-10-31,S-05,BK-005,Bakery,45,44,1,6.29
2025-11-01,S-08,PT-005,Pantry,118,115,0,4.99
2025-11-23,S-10,BK-003,Bakery,111,100,8,4.99
2025-11-21,S-04,DA-005,Dairy,103,96,7,4.99
2025-11-24,S-04,BK-002,Bakery,109,103,6,7.49
2025-12-11,S-04,DA-003,Dairy,78,73,2,6.99
2025-12-25,S-09,PT-001,Pantry,96,92,1,1.99
2025-12-18,S-09,SN-003,Snacks,90,88,1,5.49
2025-11-30,S-08,FZ-002,Frozen,116,114,0,5.49
2025-12-06,S-08,HH-001,Household,50,46,1,11.99
2025-10-10,S-05,FZ-001,Frozen,54,51,1,8.99
2025-12-09,S-02,DA-004,Dairy,39,33,1,3.29
2025-10-20,S-04,FP-005,Fresh Produce,73,66,3,6.49
2025-11-29,S-07,FP-004,Fresh Produce,46,16,27,5.99
2025-12-14,S-01,HL-004,Health,93,89,1,9.99
2025-10-01,S-06,FZ-005,Frozen,116,112,1,3.99
2025-12-08,S-09,PT-004,Pantry,48,46,1,3.49
2025-11-04,S-07,MT-002,Meat,23,17,1,7.49
2025-12-26,S-07,HL-002,Health,41,39,1,3.99
2025-12-19,S-09,FP-002,Fresh Produce,70,61,4,3.99
2025-10-04,S-02,HH-002,Household,74,71,0,3.49
2025-10-24,S-01,FZ-002,Frozen,68,66,1,5.49
2025-11-28,S-06,BV-002,Beverages,117,114,1,5.99
2025-11-23,S-05,DA-001,Dairy,80,75,1,4.79
2025-10-07,S-06,BK-005,Bakery,103,96,2,6.29
2025-10-06,S-01,FZ-001,Frozen,45,44,0,8.99
2025-10-31,S-03,MT-001,Meat,105,101,3,9.99
2025-11-29,S-05,HL-005,Health,67,67,0,4.49
2025-10-21,S-05,DA-002,Dairy,94,90,2,5.49
2025-12-13,S-07,SN-001,Snacks,111,111,0,4.29
2025-12-15,S-04,DA-002,Dairy,109,96,8,5.49
2025-12-16,S-02,PT-002,Pantry,120,118,0,2.49
2025-12-08,S-07,HH-003,Household,67,65,0,8.99
2025-10-02,S-07,MT-002,Meat,33,30,1,7.49
2025-12-21,S-08,HL-001,Health,39,37,1,14.99
2025-12-06,S-05,PT-005,Pantry,88,84,1,4.99
2025-11-25,S-10,FZ-003,Frozen,61,61,0,2.99
2025-11-05,S-08,FZ-001,Frozen,116,112,1,8.99
2025-11-13,S-01,MT-002,Meat,61,58,2,7.49
2025-11-15,S-05,BV-002,Beverages,55,54,1,5.99
2025-12-06,S-04,DA-001,Dairy,50,44,3,4.79
2025-12-11,S-04,HH-005,Household,80,76,1,12.49
2025-10-03,S-02,FZ-004,Frozen,48,46,1,7.49
2025-11-09,S-10,BV-004,Beverages,80,76,1,4.49
2025-12-10,S-06,BV-003,Beverages,109,106,1,12.99
2025-11-09,S-05,BK-005,Bakery,35,31,2,6.29
2025-10-16,S-09,HL-004,Health,108,107,0,9.99
2025-10-28,S-08,FZ-003,Frozen,112,108,2,2.99
2025-10-13,S-04,FZ-004,Frozen,49,47,1,7.49
2025-11-08,S-01,HL-001,Health,88,86,0,14.99
2025-10-06,S-01,PT-001,Pantry,57,54,0,1.99
2025-10-14,S-01,PT-002,Pantry,56,52,1,2.49
2025-11-26,S-06,BK-002,Bakery,26,22,1,7.49
2025-10-15,S-02,SN-001,Snacks,82,82,0,4.29
2025-10-20,S-03,PT-002,Pantry,58,57,0,2.49
2025-10-16,S-09,HL-004,Health,73,70,0,9.99
2025-11-27,S-08,FZ-005,Frozen,95,92,1,3.99
2025-12-12,S-10,FP-004,Fresh Produce,98,89,9,5.99
2025-10-27,S-04,FZ-002,Frozen,104,103,0,5.49
2025-10-31,S-03,PT-001,Pantry,29,29,0,1.99
2025-11-22,S-08,HH-005,Household,96,93,1,12.49
2025-10-05,S-04,FZ-004,Frozen,110,106,1,7.49
2025-10-10,S-04,FZ-002,Frozen,120,117,2,5.49
2025-11-24,S-02,MT-005,Meat,48,43,3,7.99
2025-10-19,S-02,FP-004,Fresh Produce,41,34,3,5.99
2025-12-12,S-05,SN-004,Snacks,35,32,1,3.99
2025-12-29,S-07,FZ-003,Frozen,84,80,1,2.99
2025-10-11,S-10,FP-003,Fresh Produce,75,66,5,4.29
2025-11-02,S-01,DA-001,Dairy,49,41,4,4.79
2025-12-15,S-01,HL-004,Health,106,105,1,9.99
2025-10-23,S-08,MT-004,Meat,103,96,5,6.49
2025-10-24,S-10,SN-003,Snacks,101,100,1,5.49
2025-11-30,S-06,SN-002,Snacks,62,61,1,8.99
2025-10-21,S-06,SN-002,Snacks,108,105,1,8.99
2025-12-24,S-07,HL-004,Health,90,87,0,9.99
2025-10-12,S-06,FZ-002,Frozen,61,58,0,5.49
2025-12-05,S-01,HH-003,Household,89,85,1,8.99
2025-10-07,S-04,MT-004,Meat,66,59,4,6.49
2025-12-20,S-08,HL-004,Health,26,24,0,9.99
2025-12-10,S-03,FZ-004,Frozen,76,75,1,7.49
2025-10-04,S-10,FZ-001,Frozen,110,108,0,8.99
2025-12-10,S-01,PT-001,Pantry,72,71,0,1.99
2025-10-15,S-08,DA-003,Dairy,102,91,8,6.99
2025-11-07,S-09,HL-001,Health,54,50,1,14.99
2025-11-30,S-04,SN-005,Snacks,90,87,0,4.49
2025-10-25,S-10,MT-003,Meat,115,105,10,8.99
2025-11-05,S-07,BV-002,Beverages,120,116,2,5.99
2025-10-01,S-05,HL-002,Health,58,56,1,3.99
2025-11-27,S-09,MT-001,Meat,64,58,2,9.99
2025-11-18,S-08,BV-001,Beverages,44,41,0,6.49
2025-10-30,S-07,FP-003,Fresh Produce,60,22,35,4.29
2025-11-19,S-03,MT-002,Meat,24,20,0,7.49
2025-11-12,S-02,SN-004,Snacks,32,31,1,3.99
2025-10-19,S-07,HH-002,Household,39,36,0,3.49
2025-11-03,S-06,PT-005,Pantry,108,107,1,4.99
2025-11-12,S-09,BV-005,Beverages,60,59,1,3.99
2025-12-19,S-02,FZ-001,Frozen,100,96,2,8.99
2025-10-30,S-02,SN-003,Snacks,32,29,0,5.49
2025-10-22,S-05,FP-002,Fresh Produce,25,24,1,3.99
2025-11-07,S-06,BV-004,Beverages,75,74,0,4.49
2025-12-07,S-07,PT-002,Pantry,107,106,0,2.49
2025-10-23,S-02,PT-005,Pantry,68,65,0,4.99
2025-12-14,S-03,BK-005,Bakery,79,71,5,6.29
2025-11-02,S-01,SN-005,Snacks,56,56,0,4.49
2025-11-26,S-06,PT-003,Pantry,58,55,1,8.99
2025-11-28,S-05,BK-003,Bakery,69,63,6,4.99
2025-10-31,S-07,PT-002,Pantry,65,62,1,2.49
2025-10-03,S-07,FZ-003,Frozen,21,18,0,2.99
2025-11-06,S-04,PT-004,Pantry,65,64,0,3.49
2025-12-19,S-05,HH-004,Household,116,113,2,2.99
2025-12-20,S-02,HH-001,Household,102,100,0,11.99
2025-11-26,S-01,PT-003,Pantry,66,66,0,8.99
2025-11-07,S-06,HL-003,Health,73,72,0,5.49
2025-10-17,S-09,BV-004,Beverages,87,85,1,4.49
2025-11-02,S-08,FZ-004,Frozen,115,114,1,7.49
2025-11-29,S-02,DA-005,Dairy,116,100,11,4.99
2025-12-26,S-07,PT-001,Pantry,66,63,0,1.99
2025-10-02,S-05,MT-005,Meat,35,29,1,7.99
2025-12-26,S-05,PT-003,Pantry,68,67,1,8.99
2025-12-26,S-04,MT-001,Meat,23,18,1,9.99
2025-11-11,S-10,BK-005,Bakery,102,97,2,6.29
2025-12-29,S-05,HH-002,Household,72,71,0,3.49
2025-10-06,S-01,FZ-005,Frozen,83,83,0,3.99
2025-10-31,S-09,DA-004,Dairy,69,61,3,3.29
2025-12-29,S-09,SN-002,Snacks,95,92,0,8.99
2025-12-23,S-02,MT-002,Meat,98,91,5,7.49
2025-10-05,S-06,BK-004,Bakery,76,71,4,3.49
2025-11-16,S-02,HH-004,Household,67,66,1,2.99
2025-11-20,S-05,BK-003,Bakery,35,29,3,4.99
2025-10-12,S-04,HH-002,Household,101,99,2,3.49
2025-10-07,S-06,FZ-001,Frozen,36,36,0,8.99
2025-12-10,S-04,PT-003,Pantry,47,45,0,8.99
2025-10-19,S-10,FP-001,Fresh Produce,55,50,4,2.49
2025-10-17,S-09,FZ-002,Frozen,42,42,0,5.49
2025-10-17,S-01,BV-003,Beverages,120,118,0,12.99
2025-10-03,S-03,FZ-002,Frozen,26,23,0,5.49
2025-12-07,S-02,HL-003,Health,28,24,1,5.49
2025-11-16,S-09,PT-003,Pantry,33,31,1,8.99
2025-12-18,S-01,HL-002,Health,120,116,2,3.99
2025-11-28,S-01,FP-004,Fresh Produce,81,71,7,5.99
2025-12-27,S-02,MT-002,Meat,111,101,10,7.49
2025-10-11,S-06,PT-004,Pantry,38,37,0,3.49
2025-11-05,S-10,HH-001,Household,94,90,1,11.99
2025-12-16,S-09,FZ-004,Frozen,78,77,1,7.49
2025-12-29,S-02,HH-002,Household,103,100,2,3.49
2025-11-25,S-08,BK-005,Bakery,72,66,3,6.29
2025-11-21,S-07,HL-002,Health,32,28,1,3.99
2025-11-10,S-05,BV-004,Beverages,39,38,1,4.49
2025-10-12,S-02,DA-001,Dairy,75,68,2,4.79
2025-11-17,S-03,PT-001,Pantry,27,26,1,1.99
2025-11-22,S-06,HH-003,Household,116,115,1,8.99
2025-11-06,S-10,FZ-005,Frozen,65,64,0,3.99
2025-10-20,S-08,BK-005,Bakery,33,28,1,6.29
2025-11-17,S-02,HL-004,Health,55,52,0,9.99
2025-12-11,S-10,PT-005,Pantry,106,104,2,4.99
2025-12-17,S-05,FP-002,Fresh Produce,43,40,1,3.99
2025-11-13,S-06,FP-001,Fresh Produce,43,36,3,2.49
2025-12-24,S-07,FP-005,Fresh Produce,38,16,22,6.49
2025-10-12,S-09,BK-004,Bakery,68,63,3,3.49
2025-10-21,S-06,FZ-005,Frozen,112,111,1,3.99
2025-10-07,S-03,BK-001,Bakery,116,103,8,5.99
2025-10-11,S-05,SN-004,Snacks,104,100,1,3.99
2025-12-17,S-08,SN-002,Snacks,54,54,0,8.99
2025-11-14,S-07,DA-003,Dairy,56,48,4,6.99
2025-12-02,S-09,HH-003,Household,59,58,0,8.99
2025-11-20,S-10,FP-004,Fresh Produce,20,19,0,5.99
2025-10-18,S-05,FZ-004,Frozen,61,61,0,7.49
2025-12-03,S-07,BK-002,Bakery,36,30,1,7.49
2025-10-30,S-09,PT-001,Pantry,105,104,1,1.99
2025-11-20,S-01,SN-003,Snacks,22,21,1,5.49
2025-11-10,S-10,SN-003,Snacks,93,89,1,5.49
2025-11-07,S-02,SN-001,Snacks,22,20,1,4.29
2025-12-19,S-08,HH-005,Household,66,63,0,12.49
2025-10-14,S-04,SN-003,Snacks,95,94,1,5.49
2025-11-20,S-05,HL-003,Health,63,61,0,5.49
2025-10-22,S-02,MT-003,Meat,101,95,2,8.99
2025-10-25,S-06,BV-003,Beverages,113,110,2,12.99
2025-10-31,S-02,DA-005,Dairy,52,47,1,4.99
2025-10-20,S-02,BK-002,Bakery,118,107,8,7.49
2025-12-12,S-10,SN-004,Snacks,107,103,2,3.99
2025-12-20,S-06,DA-005,Dairy,76,72,1,4.99
2025-12-20,S-05,FZ-003,Frozen,95,93,0,2.99
2025-12-04,S-02,FZ-005,Frozen,79,78,1,3.99
2025-10-08,S-06,FZ-004,Frozen,29,26,0,7.49
2025-11-29,S-10,PT-001,Pantry,114,111,0,1.99
2025-12-13,S-04,BV-001,Beverages,97,95,1,6.49
2025-10-08,S-08,DA-002,Dairy,63,57,6,5.49
2025-12-04,S-03,FP-003,Fresh Produce,51,45,3,4.29
2025-12-07,S-09,PT-005,Pantry,40,37,1,4.99
2025-11-06,S-07,SN-002,Snacks,119,118,1,8.99
2025-12-20,S-06,FP-005,Fresh Produce,62,56,1,6.49
2025-11-19,S-05,FZ-002,Frozen,112,109,2,5.49
2025-11-12,S-02,PT-003,Pantry,104,102,0,8.99
2025-11-09,S-07,DA-004,Dairy,96,89,7,3.29
2025-11-09,S-09,BV-005,Beverages,102,100,1,3.99
2025-12-25,S-09,DA-001,Dairy,102,91,7,4.79
2025-11-16,S-01,BV-004,Beverages,59,58,0,4.49
2025-11-13,S-08,BK-003,Bakery,48,43,4,4.99
2025-10-10,S-05,DA-002,Dairy,84,73,6,5.49
2025-12-07,S-01,HH-003,Household,63,60,0,8.99
2025-10-20,S-03,BK-002,Bakery,108,99,8,7.49
2025-11-26,S-01,SN-002,Snacks,66,63,0,8.99
2025-12-18,S-05,HL-004,Health,115,113,1,9.99
2025-12-08,S-04,FZ-005,Frozen,120,118,1,3.99
2025-11-17,S-10,SN-004,Snacks,79,75,1,3.99
2025-12-04,S-09,SN-002,Snacks,40,39,0,8.99
2025-11-02,S-01,HH-002,Household,81,80,1,3.49
2025-12-06,S-02,FZ-004,Frozen,30,28,0,7.49
2025-11-27,S-09,DA-005,Dairy,75,72,2,4.99
2025-11-27,S-06,FP-002,Fresh Produce,73,68,1,3.99
2025-11-17,S-04,BV-005,Beverages,30,28,1,3.99
2025-10-04,S-06,DA-002,Dairy,111,103,7,5.49
2025-10-18,S-01,FZ-004,Frozen,80,77,0,7.49
2025-11-27,S-10,FP-001,Fresh Produce,30,29,0,2.49
2025-10-20,S-09,HL-002,Health,97,96,1,3.99
2025-11-06,S-04,FZ-005,Frozen,35,34,0,3.99
2025-11-23,S-10,SN-005,Snacks,28,25,0,4.49
2025-12-16,S-09,FP-002,Fresh Produce,100,93,6,3.99
2025-10-19,S-05,SN-003,Snacks,20,18,1,5.49
2025-12-13,S-07,BK-002,Bakery,105,94,7,7.49
2025-11-16,S-02,MT-004,Meat,89,80,5,6.49
2025-12-10,S-01,BV-005,Beverages,80,77,0,3.99
2025-11-17,S-05,HL-003,Health,22,21,1,5.49
2025-11-14,S-04,HL-002,Health,104,102,2,3.99
2025-12-14,S-06,DA-004,Dairy,25,22,1,3.29
2025-12-22,S-03,HL-005,Health,107,103,1,4.49
2025-12-20,S-03,DA-004,Dairy,28,23,2,3.29
2025-10-05,S-05,BK-003,Bakery,25,23,2,4.99
2025-11-10,S-05,MT-003,Meat,70,60,6,8.99
2025-11-30,S-05,FP-003,Fresh Produce,116,106,8,4.29
2025-11-15,S-01,HH-002,Household,62,61,1,3.49
2025-11-17,S-07,SN-001,Snacks,115,111,1,4.29
2025-11-13,S-03,MT-002,Meat,108,98,6,7.49
2025-11-04,S-02,HL-002,Health,74,71,0,3.99
2025-12-17,S-03,MT-005,Meat,57,55,2,7.99
2025-11-11,S-05,FZ-005,Frozen,77,75,1,3.99
2025-12-28,S-08,BV-003,Beverages,77,75,0,12.99
2025-12-18,S-07,FZ-003,Frozen,101,101,0,2.99
2025-12-25,S-07,BV-004,Beverages,85,85,0,4.49
2025-10-19,S-10,HH-004,Household,120,119,1,2.99
2025-10-17,S-02,FZ-001,Frozen,119,115,2,8.99
2025-11-16,S-07,PT-002,Pantry,24,21,0,2.49
2025-11-17,S-06,SN-004,Snacks,117,116,0,3.99
2025-12-07,S-06,SN-001,Snacks,60,58,1,4.29
2025-10-15,S-01,HL-003,Health,43,39,1,5.49
2025-12-11,S-02,FZ-002,Frozen,119,115,1,5.49
2025-10-28,S-10,FZ-004,Frozen,108,106,1,7.49
2025-10-16,S-03,FP-005,Fresh Produce,77,70,2,6.49
2025-11-26,S-02,HH-004,Household,60,59,1,2.99
2025-12-10,S-09,FZ-004,Frozen,58,57,0,7.49
2025-11-16,S-09,BK-005,Bakery,35,31,3,6.29
2025-10-31,S-08,FP-002,Fresh Produce,66,60,4,3.99
2025-11-29,S-09,DA-004,Dairy,98,90,8,3.29
2025-11-09,S-07,HL-001,Health,112,108,1,14.99
2025-11-22,S-10,FP-005,Fresh Produce,36,28,3,6.49
2025-10-10,S-08,SN-005,Snacks,107,103,2,4.49
2025-10-17,S-09,HH-001,Household,95,94,0,11.99
2025-11-25,S-09,FP-004,Fresh Produce,35,31,2,5.99
2025-10-22,S-03,BV-001,Beverages,110,108,0,6.49
2025-12-06,S-05,DA-001,Dairy,52,47,1,4.79
2025-11-05,S-03,HH-001,Household,58,57,0,11.99
2025-12-15,S-10,DA-005,Dairy,41,34,2,4.99
2025-12-17,S-06,PT-002,Pantry,25,25,0,2.49
2025-10-06,S-10,FZ-002,Frozen,103,100,0,5.49
2025-12-19,S-01,MT-002,Meat,100,89,6,7.49
2025-11-08,S-08,FZ-001,Frozen,107,104,1,8.99
2025-11-28,S-02,HH-005,Household,27,24,0,12.49
2025-11-23,S-08,SN-005,Snacks,46,44,1,4.49
2025-11-10,S-06,HL-002,Health,64,62,1,3.99
2025-11-17,S-09,PT-001,Pantry,33,31,1,1.99
2025-11-29,S-02,FZ-003,Frozen,77,76,0,2.99
2025-10-13,S-01,FZ-004,Frozen,69,67,1,7.49
2025-10-21,S-06,PT-002,Pantry,112,110,1,2.49
2025-10-21,S-08,MT-003,Meat,79,73,4,8.99
2025-12-03,S-01,DA-001,Dairy,70,65,4,4.79
2025-10-28,S-10,BV-003,Beverages,26,24,0,12.99
2025-12-03,S-10,HH-002,Household,106,103,1,3.49
2025-12-08,S-01,DA-002,Dairy,75,71,2,5.49
2025-11-16,S-07,BV-004,Beverages,25,24,1,4.49
2025-12-12,S-09,BK-003,Bakery,66,62,4,4.99
2025-11-19,S-09,SN-004,Snacks,117,113,2,3.99
2025-12-19,S-10,DA-003,Dairy,36,30,3,6.99
2025-11-17,S-06,PT-001,Pantry,66,65,0,1.99
2025-12-17,S-09,SN-001,Snacks,84,84,0,4.29
2025-10-05,S-03,HL-001,Health,62,58,1,14.99
2025-10-20,S-10,MT-003,Meat,37,32,1,8.99
2025-11-10,S-03,SN-001,Snacks,98,95,1,4.29
2025-12-04,S-09,MT-005,Meat,82,74,6,7.99
2025-11-30,S-01,BV-004,Beverages,62,59,0,4.49
2025-12-14,S-05,HL-002,Health,108,106,2,3.99
2025-12-16,S-08,FZ-002,Frozen,103,100,2,5.49
2025-10-07,S-10,MT-001,Meat,41,34,2,9.99
2025-12-19,S-07,DA-005,Dairy,107,99,4,4.99
2025-12-29,S-02,BK-003,Bakery,22,18,1,4.99
2025-10-20,S-07,HH-005,Household,46,42,1,12.49
2025-10-08,S-03,MT-004,Meat,46,39,2,6.49
2025-12-01,S-09,BV-005,Beverages,60,57,0,3.99
2025-12-08,S-06,MT-005,Meat,65,56,4,7.99
2025-12-27,S-05,PT-005,Pantry,81,80,0,4.99
2025-11-05,S-09,FZ-005,Frozen,48,45,1,3.99
2025-10-27,S-08,BV-001,Beverages,81,78,1,6.49
2025-11-06,S-02,PT-002,Pantry,106,101,2,2.49
2025-11-20,S-06,HL-005,Health,38,37,1,4.49
2025-11-06,S-02,BV-003,Beverages,76,72,1,12.99
2025-10-28,S-04,MT-005,Meat,54,44,5,7.99
2025-11-04,S-03,DA-002,Dairy,98,90,7,5.49
2025-11-01,S-01,HH-003,Household,87,86,0,8.99
2025-10-07,S-02,SN-002,Snacks,62,61,1,8.99
2025-12-27,S-03,FP-001,Fresh Produce,90,81,8,2.49
2025-11-22,S-08,MT-001,Meat,103,98,3,9.99
2025-11-11,S-05,HH-002,Household,27,26,0,3.49
2025-12-08,S-01,BK-002,Bakery,73,66,6,7.49
2025-10-05,S-07,MT-002,Meat,43,37,4,7.49
2025-10-05,S-01,FZ-005,Frozen,92,90,0,3.99
2025-11-06,S-08,HH-002,Household,89,87,1,3.49
2025-12-04,S-08,FZ-003,Frozen,44,42,0,2.99
2025-10-21,S-08,HH-002,Household,52,52,0,3.49
2025-11-13,S-05,PT-002,Pantry,106,105,0,2.49
2025-12-18,S-07,SN-003,Snacks,85,84,1,5.49
2025-11-21,S-02,BK-002,Bakery,37,34,2,7.49
2025-10-01,S-05,BV-005,Beverages,50,47,1,3.99
2025-11-12,S-05,PT-003,Pantry,112,110,2,8.99
2025-11-03,S-06,HH-005,Household,50,50,0,12.49
2025-11-29,S-05,BK-001,Bakery,71,61,5,5.99
2025-11-09,S-02,HH-001,Household,57,55,1,11.99
2025-10-29,S-03,MT-001,Meat,39,33,2,9.99
2025-11-17,S-07,HH-005,Household,90,88,1,12.49
2025-11-01,S-10,DA-001,Dairy,87,78,4,4.79
2025-11-16,S-02,PT-002,Pantry,34,33,0,2.49
2025-12-13,S-09,DA-005,Dairy,41,36,1,4.99
2025-11-26,S-02,HH-004,Household,46,45,1,2.99
2025-12-05,S-08,FP-004,Fresh Produce,78,73,2,5.99
2025-11-28,S-10,FP-004,Fresh Produce,91,84,5,5.99
2025-10-03,S-07,FZ-002,Frozen,20,20,0,5.49
2025-10-06,S-07,BV-003,Beverages,109,109,0,12.99
2025-10-09,S-08,FP-003,Fresh Produce,56,53,2,4.29
2025-12-22,S-07,BV-004,Beverages,68,64,1,4.49
2025-11-18,S-02,HH-004,Household,104,101,2,2.99
2025-12-23,S-06,DA-003,Dairy,42,35,4,6.99
2025-12-07,S-03,HL-002,Health,48,48,0,3.99
2025-11-08,S-08,HH-004,Household,112,107,2,2.99
2025-12-08,S-07,BK-005,Bakery,51,48,2,6.29
2025-11-05,S-04,HL-002,Health,117,117,0,3.99
2025-12-24,S-07,PT-005,Pantry,118,117,0,4.99
2025-10-27,S-02,DA-002,Dairy,96,90,2,5.49
2025-12-26,S-01,FZ-001,Frozen,114,111,0,8.99
2025-11-26,S-04,MT-005,Meat,47,44,3,7.99
2025-10-18,S-09,FZ-004,Frozen,49,46,1,7.49
2025-10-31,S-05,DA-005,Dairy,104,95,6,4.99
2025-11-08,S-05,FP-004,Fresh Produce,91,78,8,5.99
2025-10-23,S-07,PT-001,Pantry,83,81,0,1.99
2025-12-22,S-07,MT-004,Meat,60,53,4,6.49
2025-10-20,S-05,BV-005,Beverages,43,41,1,3.99
2025-10-29,S-05,HL-001,Health,38,37,1,14.99
2025-12-11,S-07,SN-002,Snacks,91,88,0,8.99
2025-11-01,S-05,BK-004,Bakery,62,55,4,3.49
2025-11-17,S-02,MT-005,Meat,112,103,9,7.99
2025-11-04,S-07,HH-004,Household,97,97,0,2.99
2025-10-25,S-10,HL-002,Health,105,102,2,3.99
2025-12-01,S-04,BV-002,Beverages,58,57,0,5.99
2025-10-25,S-02,HL-003,Health,116,114,1,5.49
2025-12-29,S-10,HL-001,Health,46,44,1,14.99
2025-12-10,S-06,HL-005,Health,56,52,1,4.49
2025-12-08,S-06,FZ-005,Frozen,53,49,1,3.99
2025-11-29,S-02,HL-002,Health,80,78,1,3.99
2025-11-17,S-06,SN-002,Snacks,25,24,0,8.99
2025-10-03,S-05,PT-001,Pantry,94,91,1,1.99
2025-10-20,S-04,BV-002,Beverages,49,47,1,5.99
2025-12-03,S-09,HH-002,Household,107,104,1,3.49
2025-12-02,S-08,SN-005,Snacks,41,39,1,4.49
2025-10-18,S-09,MT-002,Meat,43,35,4,7.49
2025-12-22,S-01,MT-004,Meat,24,22,2,6.49
2025-12-25,S-01,HL-004,Health,20,18,1,9.99
2025-12-20,S-04,FP-005,Fresh Produce,110,106,3,6.49
2025-12-04,S-08,BV-004,Beverages,27,23,1,4.49
2025-10-03,S-01,MT-005,Meat,90,86,4,7.99
2025-12-07,S-05,MT-005,Meat,56,50,1,7.99
2025-12-26,S-07,BK-002,Bakery,33,26,3,7.49
2025-10-20,S-04,BK-003,Bakery,99,91,6,4.99
2025-11-04,S-07,DA-001,Dairy,67,58,6,4.79
2025-12-12,S-04,HH-005,Household,48,47,1,12.49
2025-12-23,S-01,DA-001,Dairy,71,64,3,4.79
2025-11-30,S-01,HH-001,Household,21,21,0,11.99
2025-12-03,S-07,HH-002,Household,120,119,1,3.49
2025-12-07,S-01,BK-005,Bakery,47,38,4,6.29
2025-12-12,S-08,FZ-003,Frozen,25,23,0,2.99
2025-12-09,S-10,HH-003,Household,24,22,0,8.99
2025-10-03,S-04,PT-003,Pantry,38,37,1,8.99
2025-11-08,S-03,PT-002,Pantry,50,47,1,2.49
2025-11-19,S-03,HH-005,Household,112,110,0,12.49
2025-10-07,S-02,SN-003,Snacks,49,47,0,5.49
2025-12-17,S-10,PT-004,Pantry,70,69,1,3.49
2025-12-21,S-05,SN-004,Snacks,82,80,0,3.99
2025-12-10,S-07,SN-003,Snacks,43,42,1,5.49
2025-12-19,S-05,FZ-001,Frozen,111,111,0,8.99
2025-11-04,S-03,BV-005,Beverages,111,108,2,3.99
2025-11-19,S-06,BV-004,Beverages,33,33,0,4.49
2025-11-09,S-08,BV-004,Beverages,117,116,1,4.49
2025-10-17,S-02,BK-002,Bakery,75,67,4,7.49
2025-12-05,S-07,DA-002,Dairy,23,19,0,5.49
2025-10-12,S-10,PT-004,Pantry,120,116,1,3.49
2025-10-02,S-05,SN-002,Snacks,69,68,0,8.99
2025-12-13,S-09,BK-001,Bakery,107,101,5,5.99
2025-11-04,S-05,FZ-003,Frozen,83,83,0,2.99
2025-10-22,S-07,FZ-003,Frozen,73,69,1,2.99
2025-10-10,S-06,FZ-002,Frozen,51,49,1,5.49
2025-11-28,S-02,DA-004,Dairy,58,54,1,3.29
2025-11-12,S-10,BV-005,Beverages,62,59,1,3.99
2025-11-25,S-10,DA-004,Dairy,58,51,2,3.29
2025-10-26,S-08,BV-001,Beverages,42,39,1,6.49
2025-11-07,S-08,PT-002,Pantry,120,118,0,2.49
2025-11-18,S-05,SN-001,Snacks,66,65,0,4.29
2025-12-15,S-09,BK-002,Bakery,107,99,8,7.49
2025-11-29,S-04,SN-004,Snacks,57,54,0,3.99
2025-12-26,S-08,DA-004,Dairy,101,95,4,3.29
2025-12-24,S-03,HL-001,Health,74,73,1,14.99
2025-11-27,S-10,MT-001,Meat,94,86,4,9.99
2025-12-28,S-07,MT-005,Meat,24,21,1,7.99
2025-12-29,S-09,PT-004,Pantry,101,101,0,3.49
2025-11-01,S-06,BK-001,Bakery,102,91,7,5.99
2025-12-22,S-07,HL-004,Health,62,61,1,9.99
2025-10-02,S-02,FZ-002,Frozen,48,45,0,5.49
2025-11-17,S-07,SN-005,Snacks,118,115,2,4.49
2025-11-14,S-01,MT-001,Meat,33,32,1,9.99
2025-10-15,S-03,BV-003,Beverages,59,55,1,12.99
2025-10-27,S-09,MT-001,Meat,64,58,3,9.99
2025-12-29,S-08,BV-001,Beverages,28,27,1,6.49
2025-10-15,S-01,BV-002,Beverages,102,101,0,5.99
2025-11-01,S-09,BK-002,Bakery,90,84,2,7.49
2025-11-24,S-08,BK-005,Bakery,71,66,4,6.29
2025-12-21,S-07,SN-001,Snacks,23,20,0,4.29
2025-12-15,S-07,BV-005,Beverages,20,19,0,3.99
2025-11-05,S-02,PT-002,Pantry,33,31,0,2.49
2025-11-11,S-04,SN-005,Snacks,34,30,1,4.49
2025-12-07,S-06,PT-004,Pantry,69,68,1,3.49
2025-11-14,S-06,SN-005,Snacks,99,97,0,4.49
2025-12-18,S-10,DA-001,Dairy,106,103,3,4.79
2025-10-31,S-05,DA-003,Dairy,43,40,2,6.99
2025-12-05,S-07,SN-002,Snacks,96,93,0,8.99
2025-11-24,S-03,MT-002,Meat,101,90,6,7.49
2025-10-23,S-09,BK-001,Bakery,82,78,3,5.99
2025-11-10,S-08,PT-005,Pantry,26,25,1,4.99
2025-12-02,S-03,BK-003,Bakery,69,59,6,4.99
2025-12-23,S-08,SN-002,Snacks,107,103,1,8.99
2025-11-26,S-08,BK-001,Bakery,30,28,1,5.99
2025-11-07,S-01,FZ-003,Frozen,48,46,1,2.99
2025-11-28,S-10,HL-003,Health,118,117,1,5.49
2025-12-13,S-02,FZ-003,Frozen,119,115,2,2.99
2025-12-09,S-01,HL-004,Health,112,110,1,9.99
2025-11-24,S-02,HL-003,Health,103,101,0,5.49
2025-10-05,S-08,FZ-002,Frozen,64,61,0,5.49
2025-10-16,S-04,BK-004,Bakery,114,105,7,3.49
2025-12-18,S-07,BK-001,Bakery,98,94,3,5.99
2025-10-27,S-01,PT-002,Pantry,64,62,1,2.49
2025-11-11,S-05,FZ-004,Frozen,93,92,1,7.49
2025-10-18,S-07,FP-004,Fresh Produce,55,21,33,5.99
2025-12-29,S-03,FZ-001,Frozen,38,36,1,8.99
2025-12-26,S-07,MT-002,Meat,38,34,2,7.49
2025-12-20,S-07,BV-005,Beverages,77,77,0,3.99
2025-11-21,S-09,HL-003,Health,55,51,1,5.49
2025-12-02,S-06,PT-003,Pantry,20,17,0,8.99
2025-12-21,S-06,FP-005,Fresh Produce,88,81,4,6.49
2025-10-28,S-08,FZ-003,Frozen,61,58,1,2.99
2025-12-10,S-10,DA-004,Dairy,92,82,8,3.29
2025-12-27,S-01,FP-003,Fresh Produce,32,27,2,4.29
2025-10-03,S-02,BK-001,Bakery,76,69,4,5.99
2025-10-26,S-03,HH-002,Household,58,56,0,3.49
2025-10-12,S-06,FZ-002,Frozen,30,28,1,5.49
2025-10-07,S-07,HH-001,Household,59,56,0,11.99
2025-12-23,S-02,HL-001,Health,32,31,0,14.99
2025-12-01,S-02,DA-004,Dairy,95,87,3,3.29
2025-11-26,S-01,FP-001,Fresh Produce,109,104,5,2.49
2025-11-24,S-03,MT-001,Meat,29,28,1,9.99
2025-10-14,S-02,BV-001,Beverages,67,65,1,6.49
2025-11-18,S-03,HH-002,Household,106,106,0,3.49
2025-12-07,S-10,FP-001,Fresh Produce,98,88,7,2.49
2025-11-14,S-04,HH-001,Household,115,112,0,11.99
2025-12-18,S-08,BK-004,Bakery,31,28,2,3.49
2025-10-16,S-10,HL-002,Health,69,65,1,3.99
2025-11-10,S-03,FZ-001,Frozen,55,54,0,8.99
2025-12-10,S-10,PT-004,Pantry,112,108,2,3.49
2025-12-28,S-01,HH-003,Household,58,57,0,8.99
2025-11-20,S-05,HH-002,Household,26,23,0,3.49
2025-11-19,S-02,FZ-001,Frozen,83,83,0,8.99
2025-11-16,S-06,DA-004,Dairy,69,59,6,3.29
2025-11-23,S-06,MT-005,Meat,107,101,3,7.99
2025-10-10,S-01,PT-003,Pantry,28,26,0,8.99
2025-10-28,S-01,FP-004,Fresh Produce,70,61,4,5.99
2025-12-04,S-07,SN-003,Snacks,109,108,1,5.49
2025-12-21,S-09,MT-005,Meat,98,95,3,7.99
2025-11-09,S-02,MT-003,Meat,46,41,4,8.99
2025-12-08,S-06,SN-001,Snacks,95,93,0,4.29
2025-12-29,S-07,HL-002,Health,50,49,0,3.99
2025-10-12,S-07,DA-003,Dairy,78,73,5,6.99
2025-11-09,S-03,DA-003,Dairy,21,15,1,6.99
2025-10-02,S-03,MT-002,Meat,64,56,3,7.49
2025-11-03,S-03,BV-004,Beverages,36,35,1,4.49
2025-10-04,S-06,SN-003,Snacks,54,52,0,5.49
2025-12-13,S-02,MT-002,Meat,78,74,4,7.49
2025-12-03,S-10,BK-001,Bakery,67,65,2,5.99
2025-12-13,S-02,BK-005,Bakery,114,108,6,6.29
2025-10-02,S-04,FP-003,Fresh Produce,80,76,3,4.29
2025-10-23,S-01,PT-001,Pantry,111,106,2,1.99
2025-10-29,S-06,FZ-001,Frozen,73,70,1,8.99
2025-10-10,S-10,BV-004,Beverages,35,34,0,4.49
2025-10-29,S-09,FP-003,Fresh Produce,71,67,1,4.29
2025-11-06,S-05,BV-001,Beverages,31,30,1,6.49
2025-11-17,S-04,FZ-004,Frozen,92,90,1,7.49
2025-11-29,S-06,PT-003,Pantry,83,82,0,8.99
2025-10-20,S-01,SN-002,Snacks,23,21,0,8.99
2025-12-21,S-01,BV-002,Beverages,20,17,1,5.99
2025-10-14,S-04,MT-004,Meat,50,48,2,6.49
2025-10-19,S-05,DA-001,Dairy,25,19,2,4.79
2025-11-22,S-06,SN-005,Snacks,115,115,0,4.49
2025-12-04,S-03,HH-001,Household,70,70,0,11.99
2025-11-25,S-03,FZ-001,Frozen,57,54,1,8.99
2025-11-20,S-06,BV-001,Beverages,77,75,1,6.49
2025-10-10,S-04,DA-004,Dairy,119,110,9,3.29
2025-10-20,S-02,BK-001,Bakery,77,70,4,5.99
2025-10-16,S-09,BV-003,Beverages,118,115,0,12.99
2025-11-09,S-08,FZ-002,Frozen,35,34,0,5.49
2025-12-27,S-05,HL-001,Health,109,107,2,14.99
2025-10-28,S-06,DA-005,Dairy,31,27,2,4.99
2025-11-20,S-09,FP-004,Fresh Produce,106,101,4,5.99
2025-10-04,S-07,SN-004,Snacks,91,91,0,3.99
2025-11-29,S-02,DA-004,Dairy,35,34,0,3.29
2025-10-17,S-04,SN-001,Snacks,67,65,0,4.29
2025-10-10,S-01,FP-005,Fresh Produce,45,38,4,6.49
2025-10-17,S-02,BV-002,Beverages,35,32,0,5.99
2025-10-07,S-03,PT-002,Pantry,75,71,1,2.49
2025-10-04,S-07,HH-004,Household,74,72,0,2.99
2025-10-28,S-03,FZ-003,Frozen,55,53,1,2.99
2025-10-05,S-10,PT-005,Pantry,98,96,0,4.99
2025-12-03,S-07,PT-001,Pantry,81,81,0,1.99
2025-11-05,S-07,DA-004,Dairy,73,67,2,3.29
2025-11-01,S-09,FP-002,Fresh Produce,68,61,5,3.99
2025-12-01,S-09,MT-002,Meat,64,55,5,7.49
2025-11-11,S-07,FZ-003,Frozen,43,41,0,2.99
2025-12-16,S-04,FP-002,Fresh Produce,119,111,5,3.99
2025-12-07,S-06,HL-005,Health,94,93,0,4.49
2025-10-13,S-04,HH-003,Household,50,49,1,8.99
2025-10-29,S-10,BV-005,Beverages,65,64,0,3.99
2025-10-31,S-10,BV-001,Beverages,114,110,2,6.49
2025-12-15,S-01,HL-001,Health,109,107,1,14.99
2025-12-12,S-04,MT-002,Meat,89,83,3,7.49
2025-10-05,S-02,FP-004,Fresh Produce,49,46,3,5.99
2025-12-07,S-08,FP-001,Fresh Produce,62,56,5,2.49
2025-10-17,S-06,HL-001,Health,42,41,1,14.99
2025-10-03,S-03,PT-003,Pantry,110,110,0,8.99
2025-12-07,S-06,FP-005,Fresh Produce,67,57,5,6.49
2025-11-20,S-10,DA-002,Dairy,63,60,2,5.49
2025-10-21,S-07,HH-001,Household,82,80,1,11.99
2025-12-11,S-10,BV-003,Beverages,48,45,0,12.99
2025-11-09,S-05,DA-004,Dairy,42,34,3,3.29
2025-12-13,S-07,HL-005,Health,92,91,0,4.49
2025-12-17,S-06,PT-005,Pantry,48,45,0,4.99
2025-10-19,S-06,HL-003,Health,29,27,0,5.49
2025-11-10,S-03,HH-001,Household,31,27,1,11.99
2025-10-02,S-05,BK-004,Bakery,51,46,3,3.49
2025-11-02,S-02,HL-002,Health,20,17,0,3.99
2025-11-26,S-07,BK-001,Bakery,72,65,4,5.99
2025-11-14,S-09,BV-005,Beverages,32,30,1,3.99
2025-10-21,S-08,FP-005,Fresh Produce,24,21,1,6.49
2025-11-03,S-02,FP-005,Fresh Produce,63,58,2,6.49
2025-10-21,S-02,PT-001,Pantry,31,27,1,1.99
2025-10-04,S-07,HH-002,Household,41,39,1,3.49
2025-10-07,S-02,BV-002,Beverages,46,43,0,5.99
2025-12-29,S-09,HL-002,Health,113,109,2,3.99
2025-12-24,S-05,FZ-005,Frozen,50,50,0,3.99
2025-11-20,S-10,PT-001,Pantry,82,82,0,1.99
2025-11-16,S-01,SN-003,Snacks,31,27,1,5.49
2025-10-26,S-02,FP-002,Fresh Produce,46,43,1,3.99
2025-10-11,S-08,DA-003,Dairy,59,52,4,6.99
2025-12-02,S-05,DA-001,Dairy,102,95,6,4.79
2025-11-17,S-07,BV-004,Beverages,43,42,1,4.49
2025-11-03,S-08,SN-005,Snacks,53,51,0,4.49
2025-12-12,S-01,DA-005,Dairy,116,108,8,4.99
2025-10-11,S-06,MT-005,Meat,72,61,7,7.99
2025-10-30,S-09,FP-004,Fresh Produce,69,61,5,5.99
2025-12-08,S-08,PT-002,Pantry,50,47,1,2.49
2025-10-11,S-07,HL-001,Health,24,24,0,14.99
2025-11-27,S-03,BK-001,Bakery,47,43,3,5.99
2025-10-06,S-07,DA-001,Dairy,107,97,5,4.79
2025-10-19,S-10,FZ-002,Frozen,60,60,0,5.49
2025-11-19,S-09,SN-001,Snacks,90,87,1,4.29
2025-12-06,S-08,FP-001,Fresh Produce,120,107,9,2.49
2025-12-06,S-07,DA-003,Dairy,73,67,2,6.99
2025-12-15,S-10,HL-004,Health,32,32,0,9.99
2025-11-06,S-09,BV-003,Beverages,72,68,1,12.99
2025-12-23,S-08,PT-002,Pantry,97,96,1,2.49
2025-10-23,S-05,SN-001,Snacks,38,37,1,4.29
2025-11-20,S-06,HH-005,Household,50,47,0,12.49
2025-11-04,S-06,FP-002,Fresh Produce,63,56,5,3.99
2025-11-09,S-05,MT-002,Meat,109,100,8,7.49
2025-10-18,S-05,HL-003,Health,76,73,1,5.49
2025-11-23,S-10,HH-002,Household,31,28,0,3.49
2025-10-28,S-07,HL-003,Health,82,81,1,5.49
2025-12-05,S-03,FP-005,Fresh Produce,59,52,4,6.49
2025-10-18,S-09,PT-002,Pantry,23,22,0,2.49
2025-10-26,S-01,FZ-001,Frozen,24,23,1,8.99
2025-11-16,S-04,FZ-003,Frozen,67,63,1,2.99
2025-12-21,S-02,HH-004,Household,23,21,0,2.99
2025-12-02,S-10,SN-004,Snacks,42,39,1,3.99
2025-11-14,S-03,FZ-002,Frozen,115,113,2,5.49
2025-11-06,S-01,BV-005,Beverages,26,25,0,3.99
2025-10-29,S-04,HH-004,Household,46,42,1,2.99
2025-12-05,S-01,HL-005,Health,118,116,2,4.49
2025-11-30,S-03,HH-002,Household,42,41,0,3.49
2025-11-02,S-10,FZ-005,Frozen,111,107,2,3.99
2025-11-24,S-07,BV-003,Beverages,78,76,1,12.99
2025-11-29,S-05,HH-004,Household,86,85,1,2.99
2025-10-01,S-09,HH-003,Household,67,64,1,8.99
2025-12-27,S-02,MT-001,Meat,28,25,1,9.99
2025-12-21,S-06,FZ-003,Frozen,53,51,1,2.99
2025-10-20,S-09,HL-004,Health,50,47,0,9.99
2025-12-24,S-06,HH-004,Household,37,34,0,2.99
2025-11-07,S-05,SN-002,Snacks,71,70,1,8.99
2025-12-14,S-10,BK-003,Bakery,63,58,4,4.99
2025-12-27,S-09,HH-001,Household,120,117,1,11.99
2025-12-04,S-05,BK-001,Bakery,104,94,9,5.99
2025-11-07,S-02,MT-001,Meat,36,29,2,9.99
2025-12-11,S-03,HH-004,Household,62,61,0,2.99
2025-11-15,S-04,HL-003,Health,59,56,1,5.49
2025-11-17,S-05,PT-003,Pantry,57,56,1,8.99
2025-11-30,S-01,HH-001,Household,94,91,0,11.99
2025-10-25,S-09,DA-003,Dairy,107,100,5,6.99
2025-11-22,S-01,DA-005,Dairy,37,32,3,4.99
2025-11-22,S-10,SN-005,Snacks,38,36,1,4.49
2025-10-11,S-08,BV-002,Beverages,100,98,0,5.99
2025-12-21,S-01,FP-001,Fresh Produce,77,73,3,2.49
2025-12-13,S-03,MT-002,Meat,120,111,9,7.49
2025-10-17,S-10,SN-003,Snacks,101,97,1,5.49
2025-11-24,S-08,BV-005,Beverages,20,19,0,3.99
2025-11-17,S-01,BV-001,Beverages,116,113,2,6.49
2025-10-03,S-01,HH-001,Household,113,112,0,11.99
2025-12-28,S-06,FZ-005,Frozen,36,33,0,3.99
2025-12-04,S-10,FZ-005,Frozen,41,41,0,3.99
2025-11-08,S-05,SN-005,Snacks,113,109,2,4.49
2025-11-25,S-03,BV-002,Beverages,82,80,1,5.99
2025-10-22,S-07,FP-002,Fresh Produce,49,26,22,3.99
2025-10-28,S-01,PT-003,Pantry,84,84,0,8.99
2025-11-16,S-01,BV-005,Beverages,101,100,1,3.99
2025-12-16,S-01,HH-003,Household,33,33,0,8.99
2025-12-28,S-02,SN-002,Snacks,76,75,1,8.99
2025-12-10,S-05,MT-001,Meat,109,101,3,9.99
2025-12-27,S-01,FZ-005,Frozen,73,71,0,3.99
2025-12-19,S-10,HH-005,Household,37,36,1,12.49
2025-12-05,S-10,DA-003,Dairy,56,55,1,6.99
2025-12-03,S-04,PT-004,Pantry,45,43,1,3.49
2025-11-15,S-07,FZ-004,Frozen,40,37,0,7.49
2025-10-27,S-08,BV-002,Beverages,50,50,0,5.99
2025-12-25,S-02,DA-003,Dairy,93,86,6,6.99
2025-10-12,S-09,FP-005,Fresh Produce,112,102,8,6.49
2025-12-22,S-04,SN-005,Snacks,57,53,1,4.49
2025-10-07,S-02,BK-002,Bakery,25,21,2,7.49
2025-12-26,S-06,SN-003,Snacks,114,114,0,5.49
2025-10-06,S-01,DA-004,Dairy,104,95,7,3.29
2025-11-15,S-08,PT-005,Pantry,54,52,0,4.99
2025-11-13,S-03,DA-003,Dairy,71,65,3,6.99
2025-11-04,S-07,HH-005,Household,81,79,1,12.49
2025-10-15,S-03,HH-005,Household,112,111,0,12.49
2025-10-14,S-07,PT-003,Pantry,81,79,1,8.99
2025-12-18,S-07,HL-005,Health,65,64,0,4.49
2025-12-01,S-08,DA-003,Dairy,72,69,3,6.99
2025-11-03,S-06,FP-001,Fresh Produce,110,97,9,2.49
2025-12-13,S-10,BK-005,Bakery,105,92,9,6.29
2025-12-06,S-10,DA-002,Dairy,75,69,5,5.49
2025-12-01,S-06,HH-003,Household,106,101,2,8.99
2025-10-20,S-09,PT-005,Pantry,26,25,0,4.99
2025-12-04,S-08,MT-002,Meat,41,37,1,7.49
2025-11-11,S-04,BV-002,Beverages,55,54,0,5.99
2025-12-10,S-07,SN-001,Snacks,50,47,0,4.29
2025-11-26,S-10,SN-004,Snacks,31,27,1,3.99
2025-11-10,S-02,MT-002,Meat,115,107,8,7.49
2025-11-21,S-07,FP-003,Fresh Produce,91,43,48,4.29
2025-12-17,S-10,HH-001,Household,58,55,0,11.99
2025-11-13,S-06,FP-004,Fresh Produce,48,42,4,5.99
2025-12-11,S-10,PT-004,Pantry,80,76,1,3.49
2025-10-15,S-02,HL-004,Health,104,104,0,9.99
2025-11-13,S-06,HH-001,Household,57,56,1,11.99
2025-10-06,S-03,MT-002,Meat,37,29,3,7.49
2025-11-22,S-02,FZ-002,Frozen,98,97,0,5.49
2025-10-16,S-07,BK-004,Bakery,78,71,6,3.49
2025-11-13,S-02,HL-004,Health,73,73,0,9.99
2025-11-27,S-08,HH-003,Household,95,92,0,8.99
2025-10-01,S-09,HL-003,Health,26,22,1,5.49
2025-12-05,S-03,HH-005,Household,94,93,0,12.49
2025-10-14,S-07,HH-003,Household,96,92,1,8.99
2025-11-23,S-10,HH-005,Household,117,115,0,12.49
2025-11-20,S-06,FZ-004,Frozen,77,76,0,7.49
2025-11-22,S-10,HH-005,Household,115,111,2,12.49
2025-12-29,S-09,BV-001,Beverages,111,108,2,6.49
2025-10-26,S-04,PT-005,Pantry,111,108,1,4.99
2025-12-26,S-03,HL-001,Health,103,101,0,14.99
2025-10-15,S-06,PT-001,Pantry,81,78,1,1.99
2025-11-24,S-01,MT-004,Meat,33,32,0,6.49
2025-10-07,S-01,BK-003,Bakery,54,49,4,4.99
2025-11-06,S-05,DA-005,Dairy,27,23,2,4.99
2025-10-27,S-09,FP-003,Fresh Produce,65,60,5,4.29
2025-12-18,S-09,BK-005,Bakery,115,104,8,6.29
2025-10-31,S-09,HH-005,Household,56,53,0,12.49
2025-11-19,S-07,HH-004,Household,60,60,0,2.99
2025-11-02,S-04,PT-005,Pantry,119,117,1,4.99
2025-12-21,S-06,HL-004,Health,95,94,0,9.99
2025-11-07,S-08,BK-002,Bakery,107,104,2,7.49
2025-12-05,S-02,BV-005,Beverages,25,22,1,3.99
2025-12-11,S-05,DA-004,Dairy,40,36,2,3.29
2025-10-01,S-06,SN-005,Snacks,110,110,0,4.49
2025-10-20,S-06,PT-004,Pantry,26,22,1,3.49
2025-12-13,S-09,BV-003,Beverages,29,27,1,12.99
2025-10-24,S-09,FP-005,Fresh Produce,120,110,7,6.49
2025-12-09,S-09,SN-001,Snacks,31,29,1,4.29
2025-10-28,S-06,BV-002,Beverages,66,64,1,5.99
2025-12-19,S-09,MT-001,Meat,91,79,7,9.99
2025-10-02,S-02,HH-003,Household,64,62,1,8.99
2025-12-22,S-10,PT-005,Pantry,51,49,0,4.99
2025-11-18,S-02,BV-005,Beverages,52,51,1,3.99
2025-12-06,S-06,MT-003,Meat,85,81,4,8.99
2025-11-07,S-04,BV-001,Beverages,85,85,0,6.49
2025-10-22,S-09,MT-005,Meat,20,18,1,7.99
2025-12-25,S-04,HH-004,Household,74,73,0,2.99
2025-12-08,S-07,HH-002,Household,29,29,0,3.49
2025-11-28,S-06,FP-003,Fresh Produce,31,30,0,4.29
2025-11-02,S-09,FP-005,Fresh Produce,93,84,7,6.49
2025-11-22,S-07,SN-004,Snacks,100,96,1,3.99
2025-11-10,S-01,BV-005,Beverages,106,106,0,3.99
2025-12-22,S-10,FP-005,Fresh Produce,116,107,9,6.49
2025-12-29,S-02,BV-003,Beverages,84,82,0,12.99
2025-12-27,S-05,PT-004,Pantry,31,27,1,3.49
2025-11-18,S-07,HH-003,Household,23,21,1,8.99
2025-12-08,S-04,DA-004,Dairy,115,106,5,3.29
2025-11-07,S-03,FZ-005,Frozen,106,102,2,3.99
2025-10-02,S-09,PT-001,Pantry,38,38,0,1.99
2025-10-01,S-10,PT-004,Pantry,70,68,0,3.49
2025-10-27,S-06,BK-004,Bakery,72,62,6,3.49
2025-10-19,S-03,BK-002,Bakery,48,43,3,7.49
2025-10-25,S-02,BK-002,Bakery,105,97,8,7.49
2025-12-10,S-08,HH-002,Household,90,88,0,3.49
2025-12-25,S-02,FZ-002,Frozen,32,29,0,5.49
2025-11-12,S-06,DA-004,Dairy,105,98,7,3.29
2025-11-06,S-10,FP-005,Fresh Produce,44,40,1,6.49
2025-11-12,S-10,HH-003,Household,59,57,0,8.99
2025-11-10,S-07,BK-001,Bakery,20,19,0,5.99
2025-12-22,S-07,FZ-003,Frozen,66,64,0,2.99
2025-12-01,S-08,SN-004,Snacks,65,61,1,3.99
2025-12-10,S-02,BK-002,Bakery,102,94,6,7.49
2025-10-18,S-09,BK-003,Bakery,53,44,4,4.99
2025-10-10,S-02,FP-002,Fresh Produce,84,75,5,3.99
2025-12-14,S-07,HL-005,Health,95,95,0,4.49
2025-12-10,S-05,MT-005,Meat,89,83,5,7.99
2025-11-16,S-07,BK-005,Bakery,118,109,7,6.29
2025-10-18,S-08,MT-003,Meat,85,81,2,8.99
2025-12-04,S-01,HH-003,Household,50,49,0,8.99
2025-11-27,S-03,BK-002,Bakery,92,79,8,7.49
2025-10-19,S-08,BV-003,Beverages,25,22,0,12.99
2025-10-30,S-02,FZ-002,Frozen,67,67,0,5.49
2025-12-25,S-04,MT-004,Meat,66,60,3,6.49
2025-10-06,S-01,HH-002,Household,61,59,0,3.49
2025-11-03,S-10,MT-005,Meat,92,84,3,7.99
2025-11-18,S-06,PT-003,Pantry,103,101,0,8.99
2025-11-18,S-04,MT-004,Meat,71,66,3,6.49
2025-12-02,S-08,PT-004,Pantry,20,17,0,3.49
2025-10-22,S-04,FP-005,Fresh Produce,85,78,6,6.49
2025-10-20,S-03,BK-001,Bakery,66,62,4,5.99
2025-12-24,S-04,SN-002,Snacks,62,59,0,8.99
2025-12-26,S-08,MT-001,Meat,46,38,3,9.99
2025-11-22,S-01,FZ-001,Frozen,25,24,0,8.99
2025-10-18,S-09,FP-003,Fresh Produce,93,90,2,4.29
2025-11-03,S-03,MT-004,Meat,71,63,4,6.49
2025-12-21,S-01,HL-002,Health,113,109,2,3.99
2025-10-11,S-04,SN-004,Snacks,97,93,1,3.99
2025-10-22,S-04,SN-002,Snacks,96,95,0,8.99
2025-12-19,S-09,FZ-002,Frozen,41,37,1,5.49
2025-12-16,S-10,FP-005,Fresh Produce,49,46,2,6.49
2025-10-14,S-01,BK-003,Bakery,86,75,7,4.99
2025-12-27,S-07,DA-005,Dairy,97,92,2,4.99
2025-12-18,S-10,FP-003,Fresh Produce,120,113,7,4.29
2025-10-12,S-08,HH-003,Household,36,33,0,8.99
2025-12-06,S-07,BV-004,Beverages,25,23,1,4.49
2025-12-01,S-07,BV-003,Beverages,95,92,0,12.99
2025-10-18,S-05,MT-001,Meat,118,114,4,9.99
2025-11-06,S-10,MT-005,Meat,72,70,2,7.99
2025-10-01,S-10,MT-004,Meat,35,30,2,6.49
2025-12-23,S-04,HH-005,Household,60,57,1,12.49
2025-10-14,S-03,SN-003,Snacks,103,99,2,5.49
2025-11-03,S-09,SN-003,Snacks,92,89,1,5.49
2025-12-27,S-07,HL-004,Health,46,42,1,9.99
2025-10-23,S-06,PT-001,Pantry,91,88,1,1.99
2025-11-09,S-10,BV-003,Beverages,119,114,2,12.99
2025-10-18,S-02,HL-003,Health,49,47,1,5.49
2025-10-13,S-04,MT-003,Meat,71,62,5,8.99
2025-12-18,S-01,BK-001,Bakery,69,63,6,5.99
2025-10-12,S-03,MT-001,Meat,96,91,5,9.99
2025-11-03,S-04,BV-004,Beverages,30,27,0,4.49
2025-11-21,S-10,HH-002,Household,86,85,1,3.49
2025-10-23,S-08,SN-004,Snacks,21,19,0,3.99
2025-10-25,S-01,PT-004,Pantry,85,84,0,3.49
2025-12-26,S-01,BV-004,Beverages,50,49,0,4.49
2025-10-12,S-05,HL-005,Health,71,67,1,4.49
2025-11-21,S-10,BK-003,Bakery,86,80,1,4.99
2025-10-09,S-02,PT-001,Pantry,56,53,1,1.99
2025-11-05,S-04,PT-004,Pantry,44,40,1,3.49
2025-12-13,S-01,FZ-002,Frozen,42,41,1,5.49
2025-12-11,S-02,MT-003,Meat,57,55,2,8.99
2025-12-05,S-05,MT-005,Meat,93,87,3,7.99
2025-11-18,S-10,MT-001,Meat,118,112,4,9.99
2025-11-28,S-08,PT-003,Pantry,23,22,1,8.99
2025-11-03,S-02,BV-005,Beverages,101,100,0,3.99
2025-11-10,S-07,BV-003,Beverages,86,84,0,12.99
2025-11-01,S-05,DA-001,Dairy,71,64,5,4.79
2025-10-10,S-09,BK-002,Bakery,80,76,3,7.49
2025-12-13,S-05,BK-002,Bakery,115,106,8,7.49
2025-12-03,S-04,FZ-001,Frozen,114,112,0,8.99
2025-10-27,S-04,BK-003,Bakery,51,45,4,4.99
2025-10-20,S-02,DA-003,Dairy,30,23,2,6.99
2025-12-03,S-10,FP-001,Fresh Produce,117,107,10,2.49
2025-12-01,S-06,PT-005,Pantry,60,57,1,4.99
2025-12-02,S-03,HL-004,Health,85,81,1,9.99
2025-10-29,S-10,DA-004,Dairy,26,22,1,3.29
2025-12-01,S-09,FP-003,Fresh Produce,84,75,4,4.29
2025-10-23,S-08,DA-003,Dairy,109,101,6,6.99
2025-12-28,S-01,FP-001,Fresh Produce,106,99,3,2.49
2025-10-13,S-06,BV-004,Beverages,98,96,1,4.49
2025-12-10,S-05,FZ-001,Frozen,54,51,1,8.99
2025-11-16,S-03,MT-002,Meat,74,67,2,7.49
2025-11-17,S-06,SN-001,Snacks,55,53,1,4.29
2025-12-13,S-03,PT-002,Pantry,107,107,0,2.49
2025-11-04,S-04,PT-001,Pantry,75,73,1,1.99
2025-10-19,S-03,MT-001,Meat,21,18,0,9.99
2025-10-18,S-09,MT-005,Meat,112,104,5,7.99
2025-11-08,S-05,PT-001,Pantry,92,89,0,1.99
2025-10-13,S-03,FP-004,Fresh Produce,47,41,3,5.99
2025-12-20,S-02,SN-004,Snacks,115,112,1,3.99
2025-11-16,S-06,PT-001,Pantry,91,88,1,1.99
2025-10-03,S-07,DA-003,Dairy,64,55,5,6.99
2025-10-26,S-10,PT-002,Pantry,103,100,2,2.49
2025-11-06,S-06,BV-001,Beverages,106,101,2,6.49
2025-11-27,S-02,BV-005,Beverages,98,94,1,3.99
2025-12-20,S-03,BK-001,Bakery,101,91,8,5.99
2025-11-23,S-10,PT-002,Pantry,71,71,0,2.49
2025-10-21,S-06,BK-005,Bakery,60,56,2,6.29
2025-11-04,S-10,HH-002,Household,70,66,1,3.49
2025-11-16,S-10,MT-004,Meat,77,72,4,6.49
2025-10-03,S-03,HL-002,Health,50,49,1,3.99
2025-10-27,S-03,SN-001,Snacks,33,33,0,4.29
2025-11-30,S-09,FP-004,Fresh Produce,23,18,1,5.99
2025-10-11,S-02,FZ-002,Frozen,99,99,0,5.49
2025-12-23,S-07,FZ-005,Frozen,49,47,0,3.99
2025-11-26,S-03,DA-004,Dairy,87,80,7,3.29
2025-10-05,S-06,BV-001,Beverages,80,77,1,6.49
2025-12-10,S-08,DA-004,Dairy,109,99,6,3.29
2025-12-16,S-08,HH-001,Household,115,110,2,11.99
2025-12-07,S-09,FZ-005,Frozen,64,62,1,3.99
2025-10-12,S-08,FZ-005,Frozen,66,63,1,3.99
2025-10-20,S-05,FP-001,Fresh Produce,20,18,1,2.49
2025-11-14,S-05,MT-001,Meat,88,84,1,9.99
2025-12-01,S-05,FP-001,Fresh Produce,118,110,6,2.49
2025-12-16,S-04,FP-001,Fresh Produce,90,83,4,2.49
2025-12-11,S-07,SN-001,Snacks,51,48,0,4.29
2025-11-18,S-04,FZ-002,Frozen,30,28,1,5.49
2025-12-06,S-10,HH-005,Household,107,104,1,12.49
2025-12-23,S-09,FZ-003,Frozen,72,72,0,2.99
2025-10-24,S-03,FZ-004,Frozen,34,30,1,7.49
2025-11-04,S-10,MT-002,Meat,44,41,2,7.49
2025-10-07,S-09,FP-002,Fresh Produce,43,37,4,3.99
2025-11-04,S-03,HL-001,Health,76,75,0,14.99
2025-10-12,S-03,FP-001,Fresh Produce,83,77,3,2.49
2025-11-09,S-08,BV-004,Beverages,79,77,0,4.49
2025-10-11,S-03,FP-004,Fresh Produce,54,50,4,5.99
2025-12-09,S-08,BK-002,Bakery,44,38,4,7.49
2025-11-18,S-01,DA-003,Dairy,118,106,9,6.99
2025-11-26,S-04,HL-003,Health,24,21,0,5.49
2025-10-13,S-09,HH-003,Household,46,42,1,8.99
2025-12-27,S-05,BV-001,Beverages,40,40,0,6.49
2025-11-02,S-08,HH-001,Household,58,56,0,11.99
2025-10-07,S-04,DA-003,Dairy,50,45,3,6.99
2025-10-02,S-03,FZ-003,Frozen,94,91,0,2.99
2025-11-01,S-01,FP-003,Fresh Produce,94,84,7,4.29
2025-12-28,S-10,DA-005,Dairy,67,61,5,4.99
2025-10-21,S-08,DA-001,Dairy,107,95,7,4.79
2025-10-08,S-01,BV-003,Beverages,102,102,0,12.99
2025-10-17,S-08,BK-005,Bakery,60,50,5,6.29
2025-11-14,S-08,HL-002,Health,44,41,0,3.99
2025-11-15,S-03,FZ-002,Frozen,25,21,1,5.49
2025-12-11,S-05,MT-005,Meat,109,99,6,7.99
2025-10-24,S-09,BV-003,Beverages,61,58,1,12.99
2025-12-16,S-09,BK-001,Bakery,28,24,1,5.99
2025-11-07,S-05,MT-005,Meat,66,58,3,7.99
2025-12-04,S-07,HL-002,Health,43,41,0,3.99
2025-12-19,S-04,BV-001,Beverages,112,109,0,6.49
2025-10-25,S-09,HH-004,Household,83,81,0,2.99
2025-11-11,S-07,HH-002,Household,61,61,0,3.49
2025-12-06,S-02,FP-003,Fresh Produce,36,35,1,4.29
2025-10-26,S-02,MT-002,Meat,44,39,1,7.49
2025-12-22,S-07,HH-003,Household,82,81,1,8.99
2025-11-16,S-04,PT-004,Pantry,111,111,0,3.49
2025-10-27,S-08,DA-001,Dairy,79,73,6,4.79
2025-11-16,S-09,HL-003,Health,73,72,1,5.49
2025-12-18,S-05,MT-004,Meat,25,22,1,6.49
2025-10-10,S-04,MT-004,Meat,32,31,0,6.49
2025-12-08,S-07,BK-003,Bakery,44,41,2,4.99
2025-12-12,S-03,PT-001,Pantry,115,110,2,1.99
2025-10-14,S-10,BV-003,Beverages,106,102,1,12.99
2025-10-14,S-03,BK-002,Bakery,90,84,4,7.49
2025-12-24,S-03,MT-005,Meat,96,89,5,7.99
2025-11-10,S-09,BV-001,Beverages,67,63,1,6.49
2025-11-11,S-10,FZ-001,Frozen,92,89,0,8.99
2025-12-10,S-05,BV-004,Beverages,77,73,1,4.49
2025-10-01,S-01,FZ-004,Frozen,96,95,0,7.49
2025-11-08,S-01,FZ-005,Frozen,48,46,0,3.99
2025-10-03,S-05,PT-001,Pantry,85,85,0,1.99
2025-10-05,S-08,BV-003,Beverages,39,37,0,12.99
2025-11-16,S-10,FZ-001,Frozen,49,46,1,8.99
2025-10-12,S-10,SN-001,Snacks,92,92,0,4.29
2025-11-11,S-08,BK-002,Bakery,82,70,7,7.49
2025-12-29,S-10,DA-002,Dairy,96,90,6,5.49
2025-12-13,S-07,DA-001,Dairy,119,115,2,4.79
2025-11-14,S-07,SN-002,Snacks,35,35,0,8.99
2025-12-21,S-07,FP-004,Fresh Produce,59,26,31,5.99
2025-12-09,S-10,DA-005,Dairy,61,57,3,4.99
2025-10-20,S-01,HH-004,Household,113,109,1,2.99
2025-12-16,S-10,MT-003,Meat,31,28,1,8.99
2025-11-20,S-03,DA-004,Dairy,63,58,1,3.29
2025-10-07,S-09,SN-001,Snacks,53,50,0,4.29
2025-12-04,S-07,HL-005,Health,109,108,0,4.49
2025-12-01,S-09,BK-003,Bakery,82,74,4,4.99
2025-10-26,S-09,PT-005,Pantry,114,111,2,4.99
2025-11-01,S-02,FZ-003,Frozen,119,116,1,2.99
2025-12-27,S-10,DA-001,Dairy,34,29,2,4.79
2025-11-16,S-06,BK-003,Bakery,61,54,2,4.99
2025-10-04,S-05,BK-001,Bakery,64,57,4,5.99
2025-12-19,S-03,SN-004,Snacks,25,24,0,3.99
2025-12-27,S-06,DA-005,Dairy,116,107,9,4.99
2025-10-15,S-01,FZ-001,Frozen,99,97,0,8.99
2025-10-02,S-06,HH-005,Household,34,30,1,12.49
2025-11-30,S-01,BV-002,Beverages,46,45,0,5.99
2025-12-09,S-09,HL-004,Health,53,51,1,9.99
2025-12-28,S-01,BV-005,Beverages,94,92,0,3.99
2025-10-22,S-01,FZ-004,Frozen,45,44,1,7.49
2025-11-29,S-01,FP-005,Fresh Produce,69,59,5,6.49
2025-12-24,S-06,DA-002,Dairy,22,17,0,5.49
2025-11-19,S-04,BV-005,Beverages,85,83,0,3.99
2025-12-02,S-10,MT-005,Meat,31,26,1,7.99
2025-11-28,S-09,HL-001,Health,22,21,0,14.99
2025-12-07,S-05,BV-002,Beverages,82,80,1,5.99
2025-10-03,S-06,HH-004,Household,65,62,1,2.99
2025-10-31,S-09,FZ-003,Frozen,27,23,1,2.99
2025-10-04,S-09,FZ-003,Frozen,48,46,0,2.99
2025-11-20,S-03,DA-001,Dairy,113,103,5,4.79
2025-12-18,S-04,SN-002,Snacks,50,47,0,8.99
2025-11-09,S-10,BV-002,Beverages,77,76,0,5.99
2025-12-23,S-03,PT-003,Pantry,89,88,0,8.99
2025-11-09,S-09,DA-004,Dairy,75,67,7,3.29
2025-12-23,S-10,BK-001,Bakery,60,55,1,5.99
2025-10-16,S-03,BV-001,Beverages,38,36,0,6.49
2025-11-22,S-07,FZ-005,Frozen,76,74,1,3.99
2025-10-25,S-02,DA-004,Dairy,43,39,0,3.29
2025-12-18,S-05,PT-004,Pantry,92,91,0,3.49
2025-10-30,S-01,BV-003,Beverages,30,28,1,12.99
2025-12-04,S-10,MT-001,Meat,111,103,7,9.99
2025-11-19,S-08,MT-001,Meat,37,35,1,9.99
2025-10-05,S-07,HL-004,Health,21,17,1,9.99
2025-10-29,S-04,HL-004,Health,46,45,0,9.99
2025-11-26,S-10,MT-002,Meat,108,101,4,7.49
2025-11-01,S-07,SN-001,Snacks,119,116,0,4.29
2025-11-10,S-07,PT-005,Pantry,115,113,2,4.99
2025-12-06,S-02,SN-004,Snacks,78,77,0,3.99
2025-12-06,S-09,SN-001,Snacks,114,111,0,4.29
2025-12-06,S-01,BK-003,Bakery,57,52,3,4.99
2025-11-06,S-08,BK-001,Bakery,74,71,3,5.99
2025-12-28,S-09,DA-005,Dairy,79,70,6,4.99
2025-10-12,S-09,DA-003,Dairy,43,35,3,6.99
2025-12-09,S-03,SN-001,Snacks,72,68,1,4.29
2025-10-04,S-03,SN-005,Snacks,95,92,0,4.49
2025-10-12,S-05,BV-001,Beverages,108,105,2,6.49
2025-10-16,S-02,DA-003,Dairy,110,102,6,6.99
2025-10-11,S-09,HL-001,Health,69,66,0,14.99
2025-12-10,S-07,FP-003,Fresh Produce,118,64,52,4.29
2025-12-12,S-03,BK-001,Bakery,38,32,1,5.99
2025-10-07,S-07,FZ-005,Frozen,59,56,1,3.99
2025-12-20,S-03,DA-003,Dairy,36,33,3,6.99
2025-12-19,S-05,FP-001,Fresh Produce,78,71,4,2.49
2025-12-09,S-01,PT-004,Pantry,83,82,0,3.49
2025-12-15,S-08,SN-005,Snacks,72,71,1,4.49
2025-12-16,S-10,FP-001,Fresh Produce,51,45,4,2.49
2025-12-19,S-09,BK-004,Bakery,26,26,0,3.49
2025-12-23,S-06,FP-003,Fresh Produce,38,30,3,4.29
2025-12-13,S-10,FZ-005,Frozen,62,62,0,3.99
2025-10-14,S-07,BK-002,Bakery,40,34,2,7.49
2025-12-24,S-10,PT-002,Pantry,120,117,2,2.49
2025-11-28,S-10,BV-004,Beverages,24,22,0,4.49
2025-11-11,S-06,BV-005,Beverages,28,27,1,3.99
2025-11-07,S-08,DA-004,Dairy,35,31,2,3.29
2025-11-12,S-09,SN-002,Snacks,87,86,0,8.99
2025-12-18,S-01,DA-002,Dairy,93,81,7,5.49
2025-12-07,S-02,MT-001,Meat,112,99,8,9.99
2025-11-06,S-07,PT-004,Pantry,60,57,1,3.49
2025-10-17,S-10,PT-002,Pantry,83,79,1,2.49
2025-10-24,S-10,BK-005,Bakery,110,105,4,6.29
2025-10-01,S-02,FP-002,Fresh Produce,79,74,5,3.99
2025-10-27,S-10,SN-002,Snacks,72,70,0,8.99
2025-11-14,S-09,HH-001,Household,47,46,0,11.99
2025-12-28,S-05,FZ-002,Frozen,28,25,1,5.49
2025-12-04,S-09,BV-001,Beverages,118,118,0,6.49
2025-12-27,S-06,BV-002,Beverages,70,69,0,5.99
2025-10-25,S-06,BV-002,Beverages,106,102,1,5.99
2025-10-05,S-03,MT-001,Meat,39,33,2,9.99
2025-11-12,S-08,SN-002,Snacks,115,113,0,8.99
2025-12-12,S-06,PT-001,Pantry,88,87,0,1.99
2025-12-13,S-06,BV-003,Beverages,28,26,0,12.99
2025-10-04,S-06,BV-005,Beverages,100,97,2,3.99
2025-12-13,S-10,BV-005,Beverages,43,41,0,3.99
2025-11-10,S-01,FZ-003,Frozen,72,69,0,2.99
2025-10-31,S-06,SN-004,Snacks,58,56,0,3.99
2025-10-23,S-02,BV-004,Beverages,120,119,0,4.49
2025-10-12,S-08,MT-003,Meat,23,18,1,8.99
2025-10-20,S-04,BV-002,Beverages,81,78,1,5.99
2025-10-19,S-02,MT-004,Meat,106,95,10,6.49
2025-10-05,S-08,BV-005,Beverages,111,109,2,3.99
2025-10-01,S-05,FP-003,Fresh Produce,107,98,9,4.29
2025-11-12,S-08,FP-003,Fresh Produce,33,26,2,4.29
2025-11-09,S-01,PT-002,Pantry,117,115,1,2.49
2025-11-11,S-04,BK-003,Bakery,56,52,2,4.99
2025-11-26,S-02,FZ-003,Frozen,39,37,0,2.99
2025-10-15,S-01,PT-005,Pantry,91,90,0,4.99
2025-12-09,S-06,PT-001,Pantry,60,58,1,1.99
2025-11-06,S-10,FZ-001,Frozen,41,39,0,8.99
2025-12-18,S-06,MT-005,Meat,76,75,1,7.99
2025-11-30,S-01,DA-002,Dairy,69,65,1,5.49
2025-11-20,S-03,HL-001,Health,96,93,1,14.99
2025-11-09,S-06,BK-003,Bakery,111,99,8,4.99
2025-10-11,S-08,PT-002,Pantry,36,33,0,2.49
2025-10-13,S-08,FZ-005,Frozen,107,102,2,3.99
2025-11-30,S-04,BK-005,Bakery,38,31,3,6.29
2025-11-03,S-06,SN-001,Snacks,43,40,1,4.29
2025-11-28,S-08,FP-002,Fresh Produce,28,25,1,3.99
2025-12-01,S-08,BK-001,Bakery,56,48,4,5.99
2025-12-13,S-03,MT-003,Meat,33,27,1,8.99
2025-10-14,S-06,PT-001,Pantry,103,101,0,1.99
2025-12-08,S-08,SN-001,Snacks,95,93,1,4.29
2025-12-19,S-04,PT-001,Pantry,40,36,1,1.99
2025-10-09,S-06,BK-004,Bakery,108,98,7,3.49
2025-12-12,S-06,MT-005,Meat,108,99,4,7.99
2025-12-25,S-02,HL-003,Health,111,106,2,5.49
2025-10-15,S-10,PT-004,Pantry,79,78,1,3.49
2025-11-26,S-03,FZ-005,Frozen,71,71,0,3.99
2025-12-27,S-10,HL-005,Health,68,64,1,4.49
2025-12-22,S-01,DA-001,Dairy,47,39,4,4.79
2025-12-21,S-01,HL-004,Health,38,35,0,9.99
2025-12-08,S-05,BV-005,Beverages,98,96,1,3.99
2025-10-27,S-06,FZ-005,Frozen,92,88,1,3.99
2025-11-14,S-02,PT-003,Pantry,21,19,1,8.99
2025-11-07,S-01,BV-004,Beverages,90,90,0,4.49
2025-12-11,S-06,DA-003,Dairy,56,51,4,6.99
2025-11-25,S-10,SN-001,Snacks,100,96,1,4.29
2025-11-21,S-07,SN-003,Snacks,89,88,0,5.49
2025-11-30,S-03,BK-003,Bakery,91,85,4,4.99
2025-11-23,S-03,FZ-004,Frozen,105,104,0,7.49
2025-10-02,S-02,HH-002,Household,22,19,0,3.49
2025-12-24,S-07,DA-004,Dairy,30,27,0,3.29
2025-11-28,S-10,SN-003,Snacks,99,96,0,5.49
2025-12-05,S-07,PT-001,Pantry,77,74,1,1.99
2025-10-29,S-03,SN-003,Snacks,97,94,0,5.49
2025-10-31,S-09,FZ-003,Frozen,72,71,1,2.99
2025-10-05,S-10,MT-001,Meat,110,101,5,9.99
2025-12-01,S-02,DA-005,Dairy,113,103,8,4.99
2025-11-29,S-09,DA-001,Dairy,86,79,7,4.79
2025-11-01,S-08,HH-001,Household,114,112,2,11.99
2025-12-27,S-09,PT-003,Pantry,59,57,0,8.99
2025-12-08,S-01,MT-001,Meat,78,71,4,9.99
2025-12-13,S-06,SN-002,Snacks,65,62,1,8.99
2025-10-22,S-01,HH-005,Household,96,93,1,12.49
2025-10-08,S-08,PT-003,Pantry,41,39,0,8.99
2025-12-19,S-01,FZ-004,Frozen,82,81,0,7.49
2025-12-04,S-02,FZ-003,Frozen,52,50,0,2.99
2025-11-05,S-05,FP-001,Fresh Produce,114,110,3,2.49
2025-12-15,S-03,HH-003,Household,77,75,1,8.99
2025-11-03,S-04,MT-002,Meat,43,40,3,7.49
2025-11-13,S-02,DA-005,Dairy,96,86,9,4.99
2025-12-03,S-07,HL-005,Health,69,66,0,4.49
2025-12-21,S-03,BK-004,Bakery,93,84,7,3.49
2025-10-07,S-05,HL-004,Health,34,33,0,9.99
2025-11-29,S-07,MT-001,Meat,58,51,3,9.99
2025-10-30,S-07,HH-004,Household,110,106,1,2.99
2025-11-03,S-03,MT-004,Meat,75,71,1,6.49
2025-11-18,S-06,MT-004,Meat,107,97,10,6.49
2025-12-08,S-06,SN-003,Snacks,98,95,1,5.49
2025-11-04,S-05,DA-002,Dairy,52,46,3,5.49
2025-11-29,S-04,HL-002,Health,106,103,2,3.99
2025-12-06,S-06,HH-004,Household,108,106,0,2.99
2025-12-10,S-01,HH-004,Household,21,21,0,2.99
2025-11-22,S-02,MT-004,Meat,33,29,2,6.49
2025-10-29,S-05,FZ-002,Frozen,44,44,0,5.49
2025-12-19,S-02,FP-004,Fresh Produce,96,89,6,5.99
2025-12-16,S-02,HL-001,Health,35,34,0,14.99
2025-11-18,S-10,BK-002,Bakery,34,30,2,7.49
2025-11-07,S-08,HH-003,Household,29,26,1,8.99
2025-11-24,S-06,FZ-002,Frozen,40,38,0,5.49
2025-10-08,S-07,BV-005,Beverages,62,60,0,3.99
2025-11-03,S-03,SN-004,Snacks,28,26,1,3.99
2025-12-18,S-07,BK-002,Bakery,102,95,6,7.49
2025-12-09,S-07,BK-004,Bakery,98,88,7,3.49
2025-11-03,S-02,FP-003,Fresh Produce,29,24,0,4.29
2025-11-02,S-08,FP-002,Fresh Produce,83,76,2,3.99
2025-10-01,S-01,HH-003,Household,69,67,1,8.99
2025-12-29,S-06,SN-001,Snacks,93,90,0,4.29
2025-12-01,S-07,SN-001,Snacks,113,112,0,4.29
2025-10-01,S-07,HH-005,Household,119,118,1,12.49
2025-12-12,S-09,BV-003,Beverages,62,58,1,12.99
2025-10-08,S-02,BV-004,Beverages,88,87,1,4.49
2025-11-28,S-05,HH-002,Household,45,45,0,3.49
2025-11-19,S-04,FZ-005,Frozen,109,108,1,3.99
2025-12-20,S-06,MT-002,Meat,30,25,2,7.49
2025-10-25,S-03,FP-003,Fresh Produce,44,40,0,4.29
2025-10-31,S-08,BV-005,Beverages,28,24,1,3.99
2025-12-08,S-08,FP-002,Fresh Produce,24,21,1,3.99
2025-10-06,S-07,DA-003,Dairy,47,39,3,6.99
2025-12-06,S-08,HH-004,Household,88,87,0,2.99
2025-10-10,S-01,HL-003,Health,38,37,1,5.49
2025-11-30,S-10,FP-003,Fresh Produce,51,47,3,4.29
2025-10-02,S-03,HH-001,Household,26,25,1,11.99
2025-11-28,S-10,BK-001,Bakery,95,93,2,5.99
2025-10-15,S-08,PT-004,Pantry,98,98,0,3.49
2025-10-26,S-07,BV-002,Beverages,114,109,2,5.99
2025-11-11,S-02,HH-004,Household,93,91,0,2.99
2025-10-28,S-01,PT-003,Pantry,42,41,1,8.99
2025-10-16,S-05,DA-005,Dairy,116,105,6,4.99
2025-11-17,S-09,BK-001,Bakery,76,69,3,5.99
2025-10-06,S-03,DA-002,Dairy,100,93,6,5.49
2025-10-03,S-08,DA-001,Dairy,20,20,0,4.79
2025-12-23,S-10,FZ-004,Frozen,73,71,1,7.49
2025-10-27,S-03,HH-001,Household,54,50,1,11.99
2025-10-31,S-03,PT-005,Pantry,108,107,0,4.99
2025-12-03,S-10,DA-001,Dairy,100,90,8,4.79
2025-11-14,S-07,FP-001,Fresh Produce,91,50,41,2.49
2025-12-07,S-02,PT-005,Pantry,66,63,0,4.99
2025-12-20,S-04,FZ-003,Frozen,26,26,0,2.99
2025-10-20,S-08,MT-002,Meat,42,41,1,7.49
2025-10-07,S-06,FZ-004,Frozen,46,43,1,7.49
2025-11-12,S-10,HL-004,Health,78,78,0,9.99
2025-10-07,S-09,BK-002,Bakery,40,34,3,7.49
2025-12-05,S-02,FP-005,Fresh Produce,50,43,3,6.49
2025-12-14,S-06,SN-002,Snacks,45,43,1,8.99
2025-10-15,S-06,BK-005,Bakery,32,28,1,6.29
2025-10-26,S-07,BK-005,Bakery,29,25,1,6.29
2025-10-07,S-07,DA-005,Dairy,47,40,4,4.99
2025-10-23,S-07,BV-004,Beverages,37,35,1,4.49
2025-12-20,S-06,FZ-003,Frozen,45,43,1,2.99
2025-10-05,S-10,FP-004,Fresh Produce,55,51,1,5.99
2025-11-28,S-07,BK-001,Bakery,117,110,5,5.99
2025-12-17,S-03,HH-001,Household,98,97,0,11.99
2025-10-12,S-07,MT-004,Meat,82,74,7,6.49
2025-12-15,S-08,SN-005,Snacks,55,52,0,4.49
2025-11-01,S-04,BV-001,Beverages,75,74,0,6.49
2025-12-13,S-01,SN-002,Snacks,25,22,0,8.99
2025-12-04,S-01,SN-003,Snacks,87,83,1,5.49
2025-12-29,S-02,SN-004,Snacks,83,83,0,3.99
2025-12-11,S-01,HH-005,Household,113,111,1,12.49
2025-10-17,S-06,FZ-004,Frozen,50,50,0,7.49
2025-12-01,S-05,BK-001,Bakery,110,100,6,5.99
2025-12-14,S-01,SN-005,Snacks,79,76,0,4.49
2025-10-24,S-06,HH-001,Household,79,79,0,11.99
2025-11-19,S-06,MT-004,Meat,24,21,1,6.49
2025-12-29,S-10,MT-005,Meat,93,81,7,7.99
2025-10-11,S-10,BV-002,Beverages,114,112,0,5.99
2025-10-07,S-02,BV-005,Beverages,66,65,1,3.99
2025-11-16,S-06,BK-002,Bakery,102,96,6,7.49
2025-12-11,S-04,DA-004,Dairy,62,60,2,3.29
2025-12-23,S-08,HL-003,Health,116,113,2,5.49
2025-10-29,S-06,BV-003,Beverages,54,51,1,12.99
2025-10-07,S-02,BV-004,Beverages,64,60,1,4.49
2025-12-04,S-09,DA-003,Dairy,80,69,6,6.99
2025-12-08,S-05,SN-004,Snacks,99,98,1,3.99
2025-10-25,S-08,DA-001,Dairy,30,28,1,4.79
2025-11-06,S-02,DA-002,Dairy,41,35,1,5.49
2025-10-19,S-08,DA-005,Dairy,46,39,2,4.99
2025-10-03,S-05,SN-002,Snacks,107,104,2,8.99
2025-11-30,S-06,SN-002,Snacks,76,74,0,8.99
2025-10-25,S-02,FP-002,Fresh Produce,49,41,4,3.99
2025-12-22,S-06,SN-002,Snacks,94,91,1,8.99
2025-12-02,S-10,HH-003,Household,109,104,2,8.99
2025-11-28,S-05,PT-002,Pantry,36,34,1,2.49
2025-11-03,S-04,MT-001,Meat,67,61,6,9.99
2025-10-19,S-06,FZ-004,Frozen,78,77,0,7.49
2025-12-08,S-05,BK-002,Bakery,42,34,3,7.49
2025-12-25,S-03,BK-001,Bakery,50,47,1,5.99
2025-12-13,S-03,SN-004,Snacks,53,51,1,3.99
2025-10-27,S-09,HL-001,Health,24,21,1,14.99
2025-10-19,S-06,SN-004,Snacks,89,87,0,3.99
2025-10-16,S-01,SN-001,Snacks,83,80,0,4.29
2025-11-10,S-03,FP-001,Fresh Produce,114,103,7,2.49
2025-11-12,S-05,MT-001,Meat,57,48,5,9.99
2025-12-25,S-03,PT-002,Pantry,113,110,1,2.49
2025-12-28,S-02,HL-002,Health,81,80,0,3.99
2025-12-26,S-09,DA-003,Dairy,59,54,1,6.99
2025-10-29,S-08,BV-003,Beverages,31,30,1,12.99
2025-12-17,S-04,PT-003,Pantry,87,85,0,8.99
2025-10-26,S-01,DA-001,Dairy,88,76,7,4.79
2025-12-25,S-02,MT-003,Meat,70,66,2,8.99
2025-12-17,S-10,MT-003,Meat,27,23,2,8.99
2025-11-20,S-03,HL-001,Health,74,70,1,14.99
2025-11-17,S-01,FZ-004,Frozen,64,61,1,7.49
2025-11-27,S-09,DA-001,Dairy,47,41,3,4.79
2025-11-23,S-08,FZ-004,Frozen,40,36,1,7.49
2025-10-18,S-10,PT-004,Pantry,31,30,0,3.49
2025-11-08,S-08,MT-004,Meat,62,57,1,6.49
2025-11-18,S-02,FP-001,Fresh Produce,72,65,5,2.49
2025-11-23,S-03,PT-001,Pantry,79,78,0,1.99
2025-10-24,S-07,FZ-004,Frozen,90,89,1,7.49
2025-11-08,S-10,FZ-005,Frozen,83,81,1,3.99
2025-10-04,S-01,DA-005,Dairy,53,46,2,4.99
2025-12-21,S-08,DA-003,Dairy,103,94,7,6.99
2025-11-23,S-03,MT-002,Meat,108,101,7,7.49
2025-10-16,S-05,MT-002,Meat,28,25,1,7.49
2025-12-14,S-08,PT-002,Pantry,75,71,1,2.49
2025-12-28,S-02,BV-004,Beverages,85,83,0,4.49
2025-10-21,S-10,FP-004,Fresh Produce,38,32,1,5.99
2025-10-18,S-06,BK-001,Bakery,26,22,1,5.99
2025-12-21,S-06,FP-004,Fresh Produce,57,50,2,5.99
2025-10-10,S-09,BK-003,Bakery,118,110,8,4.99
2025-12-16,S-03,MT-005,Meat,61,51,5,7.99
2025-11-08,S-05,HH-004,Household,109,105,2,2.99
2025-10-13,S-09,PT-003,Pantry,65,65,0,8.99
2025-10-18,S-09,FZ-004,Frozen,67,63,1,7.49
2025-11-13,S-03,DA-002,Dairy,47,45,1,5.49
2025-10-25,S-09,PT-005,Pantry,108,106,2,4.99
2025-11-23,S-08,FP-005,Fresh Produce,34,32,2,6.49
2025-12-01,S-06,FZ-005,Frozen,108,106,1,3.99
2025-11-26,S-10,MT-004,Meat,117,105,11,6.49
2025-11-08,S-01,HL-003,Health,35,34,0,5.49
2025-12-28,S-03,HH-005,Household,49,47,1,12.49
2025-10-27,S-03,DA-001,Dairy,74,69,5,4.79
2025-10-10,S-01,HL-005,Health,81,80,1,4.49
2025-10-26,S-02,FP-003,Fresh Produce,104,98,6,4.29
2025-11-30,S-02,FZ-002,Frozen,25,23,0,5.49
2025-12-25,S-01,HL-004,Health,32,31,0,9.99
2025-12-15,S-04,BK-002,Bakery,105,100,5,7.49
2025-10-19,S-05,PT-003,Pantry,64,62,1,8.99
2025-12-04,S-10,FZ-001,Frozen,84,84,0,8.99
2025-12-14,S-01,MT-004,Meat,47,42,3,6.49
2025-10-22,S-09,FP-001,Fresh Produce,112,108,3,2.49
2025-12-04,S-08,BV-004,Beverages,109,106,2,4.49
2025-11-26,S-02,BK-002,Bakery,65,56,6,7.49
2025-10-28,S-09,BK-005,Bakery,72,68,2,6.29
2025-10-16,S-08,DA-003,Dairy,86,82,2,6.99
2025-11-06,S-09,HL-002,Health,25,23,0,3.99
2025-12-03,S-02,BV-005,Beverages,56,53,1,3.99
2025-12-27,S-08,BK-005,Bakery,90,83,4,6.29
2025-10-25,S-02,MT-001,Meat,106,101,5,9.99
2025-12-26,S-08,HH-004,Household,33,29,1,2.99
2025-12-06,S-02,DA-003,Dairy,38,32,1,6.99
2025-12-15,S-02,HL-003,Health,41,39,0,5.49
2025-10-26,S-06,BK-003,Bakery,96,85,8,4.99
2025-10-16,S-04,SN-003,Snacks,112,109,1,5.49
2025-12-14,S-10,FZ-003,Frozen,116,111,2,2.99
2025-11-15,S-08,HH-003,Household,97,93,1,8.99
2025-12-05,S-05,DA-005,Dairy,118,112,6,4.99
2025-11-02,S-08,MT-002,Meat,49,45,3,7.49
2025-10-04,S-02,HL-003,Health,26,23,0,5.49
2025-12-26,S-01,BK-002,Bakery,68,62,4,7.49
2025-10-20,S-05,PT-005,Pantry,99,99,0,4.99
2025-12-24,S-09,HL-005,Health,83,81,1,4.49
2025-11-07,S-08,MT-002,Meat,84,79,3,7.49
2025-12-09,S-09,FP-002,Fresh Produce,117,112,2,3.99
2025-10-16,S-07,SN-004,Snacks,60,56,1,3.99
2025-11-28,S-01,FP-003,Fresh Produce,42,38,2,4.29
2025-10-22,S-08,SN-003,Snacks,37,33,1,5.49
2025-12-02,S-02,PT-002,Pantry,106,102,1,2.49
2025-11-30,S-09,BK-001,Bakery,84,80,2,5.99
2025-12-03,S-10,BV-005,Beverages,98,95,1,3.99
2025-11-11,S-01,FP-002,Fresh Produce,95,91,2,3.99
2025-11-14,S-10,FP-002,Fresh Produce,117,105,10,3.99
2025-11-18,S-02,SN-003,Snacks,64,60,1,5.49
2025-11-14,S-01,HH-003,Household,51,50,0,8.99
2025-12-22,S-05,PT-003,Pantry,30,28,0,8.99
2025-10-15,S-06,BK-001,Bakery,22,21,1,5.99
2025-11-28,S-07,PT-002,Pantry,85,82,1,2.49
2025-10-03,S-08,PT-003,Pantry,22,18,1,8.99
2025-12-13,S-07,BV-001,Beverages,93,90,0,6.49
2025-10-13,S-04,BV-002,Beverages,83,81,1,5.99
2025-12-18,S-05,BV-004,Beverages,75,72,0,4.49
2025-12-21,S-02,MT-005,Meat,47,45,2,7.99
2025-11-08,S-10,SN-001,Snacks,48,48,0,4.29
2025-12-15,S-06,FZ-003,Frozen,28,24,1,2.99
2025-10-27,S-06,FP-005,Fresh Produce,103,91,8,6.49
2025-11-08,S-07,HH-003,Household,89,87,1,8.99
2025-11-23,S-07,FZ-002,Frozen,99,97,1,5.49
2025-10-03,S-09,BK-002,Bakery,93,83,5,7.49
2025-11-29,S-05,HH-001,Household,88,87,1,11.99
2025-12-06,S-04,BV-004,Beverages,79,78,0,4.49
2025-10-20,S-05,SN-003,Snacks,72,71,1,5.49
2025-12-21,S-04,SN-002,Snacks,54,52,1,8.99
2025-11-02,S-10,FZ-001,Frozen,71,71,0,8.99
2025-10-20,S-04,FP-002,Fresh Produce,51,45,4,3.99
2025-11-29,S-08,PT-001,Pantry,75,74,1,1.99
2025-10-26,S-03,FZ-003,Frozen,37,35,0,2.99
2025-11-05,S-09,BK-002,Bakery,102,89,8,7.49
2025-12-02,S-01,FP-004,Fresh Produce,30,27,1,5.99
2025-10-09,S-07,BV-004,Beverages,105,103,2,4.49
2025-11-20,S-03,FZ-001,Frozen,34,32,0,8.99
2025-12-03,S-02,FZ-001,Frozen,96,94,0,8.99
2025-11-12,S-10,HL-003,Health,69,66,0,5.49
2025-10-28,S-03,DA-002,Dairy,42,39,1,5.49
2025-11-26,S-07,FZ-002,Frozen,95,92,0,5.49
2025-12-08,S-06,HH-005,Household,34,30,1,12.49
2025-11-30,S-04,FZ-003,Frozen,120,118,0,2.99
2025-11-30,S-06,FZ-005,Frozen,22,22,0,3.99
2025-12-28,S-04,FZ-002,Frozen,90,87,1,5.49
2025-12-21,S-06,HH-004,Household,35,32,0,2.99
2025-11-19,S-01,SN-001,Snacks,52,51,1,4.29
2025-10-31,S-05,BK-004,Bakery,40,32,3,3.49
2025-11-10,S-07,FP-003,Fresh Produce,55,19,33,4.29
2025-11-30,S-07,BV-002,Beverages,111,110,1,5.99
2025-10-21,S-05,MT-003,Meat,28,23,1,8.99
2025-12-10,S-06,SN-005,Snacks,108,108,0,4.49
2025-12-22,S-03,HH-001,Household,76,76,0,11.99
2025-11-21,S-04,HH-001,Household,59,58,1,11.99
2025-10-15,S-03,FZ-001,Frozen,86,83,0,8.99
2025-11-10,S-08,MT-001,Meat,114,110,3,9.99
2025-12-27,S-10,BV-001,Beverages,56,56,0,6.49
2025-11-23,S-06,BK-002,Bakery,70,60,6,7.49
2025-10-29,S-01,FP-002,Fresh Produce,91,80,6,3.99
2025-10-30,S-02,SN-005,Snacks,45,43,1,4.49
2025-10-07,S-07,PT-005,Pantry,74,72,1,4.99
2025-10-12,S-06,BK-001,Bakery,92,85,2,5.99
2025-12-07,S-07,HL-005,Health,78,77,1,4.49
2025-10-29,S-04,BK-003,Bakery,120,111,4,4.99
2025-12-03,S-07,DA-004,Dairy,75,65,6,3.29
2025-10-28,S-05,HL-002,Health,106,103,0,3.99
2025-10-24,S-07,DA-005,Dairy,23,21,0,4.99
2025-10-31,S-10,SN-004,Snacks,51,47,1,3.99
2025-10-11,S-01,MT-001,Meat,37,29,3,9.99
2025-11-20,S-04,HL-001,Health,69,66,1,14.99
2025-10-10,S-02,PT-001,Pantry,27,25,0,1.99
2025-10-31,S-08,BV-003,Beverages,97,97,0,12.99
2025-11-02,S-09,PT-005,Pantry,68,64,1,4.99
2025-12-25,S-06,DA-004,Dairy,91,88,2,3.29
2025-11-03,S-03,MT-003,Meat,83,73,7,8.99
2025-10-17,S-02,BV-001,Beverages,110,105,2,6.49
2025-10-19,S-05,DA-003,Dairy,60,58,1,6.99
2025-12-03,S-05,HL-003,Health,66,63,1,5.49
2025-11-03,S-10,HL-004,Health,53,49,1,9.99
2025-10-22,S-06,HL-003,Health,82,79,0,5.49
2025-10-07,S-04,DA-005,Dairy,26,26,0,4.99
2025-11-30,S-05,BK-001,Bakery,110,104,6,5.99
2025-12-03,S-01,SN-004,Snacks,65,61,1,3.99
2025-12-03,S-02,HL-002,Health,38,36,0,3.99
2025-10-12,S-04,FZ-004,Frozen,43,41,0,7.49
2025-12-12,S-10,BK-004,Bakery,94,85,9,3.49
2025-12-07,S-10,BK-002,Bakery,73,66,6,7.49
2025-12-03,S-02,BV-002,Beverages,23,22,1,5.99
2025-11-20,S-06,PT-003,Pantry,33,31,1,8.99
2025-10-04,S-02,SN-005,Snacks,110,105,2,4.49
2025-11-28,S-05,PT-004,Pantry,104,102,0,3.49
2025-10-06,S-10,SN-004,Snacks,61,60,0,3.99
2025-10-07,S-05,BV-001,Beverages,27,24,0,6.49
2025-10-12,S-07,FZ-002,Frozen,42,39,0,5.49
2025-10-12,S-01,BK-004,Bakery,40,35,2,3.49
2025-11-06,S-03,DA-003,Dairy,58,52,3,6.99
2025-11-09,S-10,DA-004,Dairy,65,59,4,3.29
2025-12-05,S-04,MT-002,Meat,77,68,6,7.49
2025-11-04,S-10,PT-004,Pantry,74,71,0,3.49
2025-11-17,S-10,BK-002,Bakery,75,70,5,7.49
2025-10-06,S-09,BV-002,Beverages,79,78,0,5.99
2025-12-03,S-09,HH-001,Household,102,100,2,11.99
2025-11-07,S-08,SN-003,Snacks,30,27,1,5.49
2025-10-20,S-03,HH-004,Household,58,55,0,2.99
2025-11-07,S-10,FP-004,Fresh Produce,90,88,2,5.99
2025-12-05,S-02,MT-003,Meat,74,68,3,8.99
2025-12-24,S-10,FZ-002,Frozen,65,64,1,5.49
2025-12-04,S-01,DA-003,Dairy,114,105,8,6.99
2025-10-24,S-07,FP-003,Fresh Produce,30,13,15,4.29
2025-11-10,S-10,HL-002,Health,78,75,1,3.99
2025-11-13,S-03,BK-004,Bakery,43,38,1,3.49
2025-11-03,S-02,SN-003,Snacks,88,88,0,5.49
2025-11-20,S-02,FP-001,Fresh Produce,41,36,2,2.49
2025-12-28,S-07,HH-003,Household,115,110,2,8.99
2025-11-08,S-10,PT-005,Pantry,66,63,1,4.99
2025-10-12,S-03,DA-004,Dairy,21,21,0,3.29
2025-12-29,S-04,FP-002,Fresh Produce,46,43,2,3.99
2025-12-23,S-04,SN-003,Snacks,100,97,2,5.49
2025-10-12,S-05,HL-005,Health,79,76,0,4.49
2025-11-24,S-01,DA-003,Dairy,41,33,3,6.99
2025-12-29,S-08,MT-002,Meat,80,76,1,7.49
2025-12-14,S-04,BK-003,Bakery,57,51,3,4.99
2025-10-07,S-06,FP-001,Fresh Produce,33,26,2,2.49
2025-11-25,S-07,MT-002,Meat,114,102,7,7.49
2025-12-10,S-05,FP-003,Fresh Produce,82,74,4,4.29
2025-12-15,S-10,HH-004,Household,82,82,0,2.99
2025-12-07,S-01,SN-003,Snacks,93,92,1,5.49
2025-11-04,S-07,MT-001,Meat,34,27,2,9.99
2025-11-14,S-08,HH-005,Household,75,74,0,12.49
2025-11-06,S-04,MT-001,Meat,64,57,3,9.99
2025-10-29,S-10,HH-004,Household,63,61,1,2.99
2025-11-07,S-07,SN-002,Snacks,106,102,2,8.99
2025-11-30,S-03,PT-005,Pantry,46,45,1,4.99
2025-12-25,S-08,DA-004,Dairy,42,37,1,3.29
2025-12-02,S-02,SN-002,Snacks,83,81,1,8.99
2025-10-27,S-09,FP-004,Fresh Produce,22,19,1,5.99
2025-11-15,S-03,BK-002,Bakery,84,83,1,7.49
2025-11-13,S-07,DA-003,Dairy,99,92,3,6.99
2025-10-29,S-08,FZ-002,Frozen,63,62,1,5.49
2025-12-11,S-05,DA-005,Dairy,108,95,9,4.99
2025-12-25,S-02,HL-001,Health,26,22,1,14.99
2025-10-15,S-02,PT-005,Pantry,98,98,0,4.99
2025-12-04,S-02,BK-001,Bakery,100,97,2,5.99
2025-11-16,S-03,HL-002,Health,57,53,1,3.99
2025-10-13,S-03,HH-002,Household,66,64,1,3.49
2025-10-16,S-04,SN-004,Snacks,73,72,0,3.99
2025-11-30,S-06,FZ-004,Frozen,84,84,0,7.49
2025-11-04,S-06,HL-001,Health,116,113,1,14.99
2025-12-20,S-04,DA-005,Dairy,116,104,9,4.99
2025-10-30,S-03,SN-003,Snacks,72,68,1,5.49
2025-12-06,S-06,FP-002,Fresh Produce,76,74,2,3.99
2025-12-06,S-02,DA-001,Dairy,63,60,2,4.79
2025-11-25,S-01,SN-001,Snacks,117,116,0,4.29
2025-12-13,S-01,HH-001,Household,111,107,2,11.99
2025-11-23,S-07,HH-004,Household,109,105,2,2.99
2025-11-10,S-06,FP-001,Fresh Produce,55,46,5,2.49
2025-10-19,S-07,SN-004,Snacks,102,99,0,3.99
2025-12-29,S-06,HH-002,Household,71,69,0,3.49
2025-10-11,S-01,MT-005,Meat,62,54,3,7.99
2025-10-17,S-09,MT-005,Meat,56,50,2,7.99
2025-12-10,S-05,MT-004,Meat,63,57,5,6.49
2025-10-03,S-01,MT-005,Meat,95,90,3,7.99
2025-11-24,S-09,DA-003,Dairy,113,109,2,6.99
2025-11-03,S-09,BV-003,Beverages,35,35,0,12.99
2025-11-27,S-05,PT-002,Pantry,114,111,0,2.49
2025-11-13,S-04,HL-003,Health,94,92,0,5.49
2025-11-08,S-05,HH-003,Household,120,117,2,8.99
2025-11-18,S-09,HL-003,Health,51,49,0,5.49
2025-12-06,S-10,BK-003,Bakery,119,114,5,4.99
2025-10-19,S-07,SN-002,Snacks,30,30,0,8.99
2025-11-24,S-03,MT-001,Meat,47,43,2,9.99
2025-12-26,S-09,SN-001,Snacks,95,92,1,4.29
2025-12-14,S-08,HH-001,Household,74,70,1,11.99
2025-11-23,S-03,DA-005,Dairy,84,77,2,4.99
2025-11-28,S-03,HL-001,Health,85,84,0,14.99
2025-11-28,S-08,FP-003,Fresh Produce,115,108,3,4.29
2025-11-17,S-02,PT-004,Pantry,72,72,0,3.49
2025-11-17,S-10,FZ-004,Frozen,25,25,0,7.49
2025-11-17,S-05,BV-004,Beverages,58,54,1,4.49
2025-10-04,S-03,DA-005,Dairy,120,112,8,4.99
2025-11-09,S-05,BK-004,Bakery,43,37,3,3.49
2025-10-01,S-02,PT-001,Pantry,64,64,0,1.99
2025-11-23,S-08,PT-002,Pantry,59,56,1,2.49
2025-11-18,S-08,HL-002,Health,97,96,0,3.99
2025-12-04,S-08,HL-004,Health,77,75,1,9.99
2025-11-11,S-02,PT-005,Pantry,105,100,2,4.99
2025-11-19,S-04,SN-001,Snacks,63,60,0,4.29
2025-11-05,S-02,BK-001,Bakery,110,103,2,5.99
2025-11-09,S-09,HH-002,Household,35,34,0,3.49
2025-12-19,S-09,PT-002,Pantry,116,115,0,2.49
2025-11-30,S-09,FP-002,Fresh Produce,35,29,2,3.99
2025-10-24,S-01,FZ-003,Frozen,120,119,0,2.99
2025-12-14,S-08,DA-001,Dairy,88,79,6,4.79
2025-12-15,S-01,MT-002,Meat,22,20,1,7.49
2025-11-23,S-01,MT-004,Meat,60,57,3,6.49
2025-10-15,S-02,MT-005,Meat,41,39,1,7.99
2025-11-02,S-02,DA-005,Dairy,59,49,5,4.99
2025-10-22,S-01,PT-005,Pantry,61,61,0,4.99
2025-10-08,S-05,BV-005,Beverages,32,30,1,3.99
2025-11-22,S-06,FZ-002,Frozen,68,68,0,5.49
2025-10-26,S-04,HL-004,Health,96,93,0,9.99
2025-12-05,S-09,BV-005,Beverages,34,33,1,3.99
2025-11-10,S-08,PT-001,Pantry,72,69,0,1.99
2025-10-04,S-07,HH-001,Household,49,47,0,11.99
2025-12-10,S-10,HH-004,Household,32,31,0,2.99
2025-11-08,S-10,SN-002,Snacks,77,76,0,8.99
2025-10-19,S-06,MT-005,Meat,41,34,3,7.99
2025-11-24,S-09,SN-004,Snacks,25,22,0,3.99
2025-12-19,S-05,HH-002,Household,41,41,0,3.49
2025-12-01,S-05,PT-004,Pantry,52,49,1,3.49
2025-12-20,S-04,PT-003,Pantry,85,84,1,8.99
2025-10-21,S-09,PT-002,Pantry,28,27,1,2.49
2025-11-20,S-02,DA-004,Dairy,112,103,7,3.29
2025-11-25,S-04,PT-005,Pantry,84,81,1,4.99
2025-12-21,S-05,HL-004,Health,110,107,1,9.99
2025-11-01,S-06,BV-002,Beverages,46,43,1,5.99
2025-10-03,S-03,HH-002,Household,20,19,1,3.49
2025-10-02,S-03,SN-002,Snacks,91,87,1,8.99
2025-12-08,S-02,HH-002,Household,103,103,0,3.49
2025-12-25,S-08,HH-004,Household,35,31,1,2.99
2025-12-16,S-06,BV-005,Beverages,42,42,0,3.99
2025-11-29,S-06,BK-003,Bakery,76,70,1,4.99
2025-10-03,S-05,HH-004,Household,110,108,1,2.99
2025-10-12,S-10,HH-001,Household,58,57,0,11.99
2025-12-03,S-06,FP-003,Fresh Produce,55,47,3,4.29
2025-12-17,S-04,FP-001,Fresh Produce,45,36,4,2.49
2025-11-20,S-02,FZ-003,Frozen,92,90,1,2.99
2025-12-10,S-04,HH-003,Household,114,111,2,8.99
2025-10-09,S-10,DA-004,Dairy,115,111,2,3.29
2025-12-12,S-04,MT-004,Meat,113,103,9,6.49
2025-12-26,S-01,HH-005,Household,106,102,2,12.49
2025-12-27,S-09,SN-005,Snacks,20,19,1,4.49
2025-11-11,S-07,SN-002,Snacks,55,52,0,8.99
2025-12-03,S-06,MT-004,Meat,117,110,2,6.49
2025-10-29,S-01,FZ-003,Frozen,73,70,1,2.99
2025-10-01,S-07,BK-003,Bakery,62,57,1,4.99
2025-10-04,S-04,HH-005,Household,74,73,0,12.49
2025-10-26,S-03,BV-002,Beverages,59,59,0,5.99
2025-10-04,S-08,SN-003,Snacks,23,20,1,5.49
2025-11-01,S-02,MT-001,Meat,50,46,4,9.99
2025-11-12,S-09,FZ-001,Frozen,29,28,1,8.99
2025-12-20,S-08,PT-003,Pantry,35,35,0,8.99
2025-10-05,S-07,BV-001,Beverages,108,107,0,6.49
2025-10-08,S-08,FP-004,Fresh Produce,58,52,3,5.99
2025-10-09,S-02,HH-004,Household,27,25,0,2.99
2025-11-18,S-07,DA-002,Dairy,99,91,7,5.49
2025-12-16,S-10,FP-001,Fresh Produce,78,72,3,2.49
2025-12-19,S-10,DA-002,Dairy,63,54,4,5.49
2025-10-04,S-08,MT-004,Meat,62,58,4,6.49
2025-10-14,S-01,PT-004,Pantry,111,110,0,3.49
2025-12-13,S-03,HH-001,Household,85,82,1,11.99
2025-11-23,S-08,HL-002,Health,99,97,1,3.99
2025-11-01,S-03,FP-003,Fresh Produce,27,23,0,4.29
2025-11-25,S-09,HH-002,Household,116,113,1,3.49
2025-12-14,S-09,HL-005,Health,38,35,0,4.49
2025-11-09,S-10,BV-002,Beverages,57,56,1,5.99
2025-12-06,S-10,HH-003,Household,106,106,0,8.99
2025-10-31,S-09,PT-001,Pantry,26,23,1,1.99
2025-10-26,S-04,HH-001,Household,45,43,0,11.99
2025-10-25,S-08,HH-005,Household,108,105,1,12.49
2025-12-14,S-10,BV-002,Beverages,98,94,1,5.99
2025-11-12,S-03,DA-002,Dairy,78,71,7,5.49
2025-12-03,S-04,FP-001,Fresh Produce,101,97,3,2.49
2025-11-29,S-10,BK-004,Bakery,50,46,2,3.49
2025-11-18,S-04,SN-001,Snacks,43,41,0,4.29
2025-10-02,S-02,BV-003,Beverages,23,22,0,12.99
2025-11-07,S-08,BK-003,Bakery,100,92,6,4.99
2025-10-06,S-01,BK-003,Bakery,45,43,1,4.99
2025-11-03,S-03,BV-002,Beverages,90,89,0,5.99
2025-10-26,S-01,BK-002,Bakery,53,49,4,7.49
2025-12-26,S-03,BV-005,Beverages,103,101,0,3.99
2025-10-27,S-05,SN-005,Snacks,50,47,1,4.49
2025-12-24,S-03,MT-004,Meat,99,86,8,6.49
2025-10-09,S-02,DA-005,Dairy,36,32,3,4.99
2025-12-08,S-07,HH-005,Household,67,63,1,12.49
2025-12-21,S-04,FP-003,Fresh Produce,117,108,8,4.29
2025-12-08,S-05,DA-005,Dairy,61,54,2,4.99
2025-11-05,S-03,MT-003,Meat,94,85,8,8.99
2025-10-11,S-08,HH-003,Household,98,97,0,8.99
2025-12-05,S-07,HL-004,Health,102,98,2,9.99
2025-12-03,S-09,SN-005,Snacks,42,39,1,4.49
2025-12-07,S-08,HL-001,Health,83,80,1,14.99
2025-12-14,S-07,HH-001,Household,94,93,0,11.99
2025-10-29,S-04,SN-004,Snacks,50,48,1,3.99
2025-11-09,S-07,BV-005,Beverages,93,91,0,3.99
2025-11-02,S-09,DA-001,Dairy,37,33,2,4.79
2025-11-26,S-09,BV-003,Beverages,49,46,0,12.99
2025-12-05,S-10,BV-002,Beverages,74,70,1,5.99
2025-11-25,S-07,BV-004,Beverages,83,80,1,4.49
2025-11-18,S-01,BK-002,Bakery,76,69,2,7.49
2025-10-10,S-06,DA-001,Dairy,57,49,4,4.79
2025-12-09,S-02,FZ-003,Frozen,49,49,0,2.99
2025-10-10,S-06,FP-003,Fresh Produce,89,85,3,4.29
2025-12-26,S-06,FZ-002,Frozen,58,56,1,5.49
2025-12-17,S-03,HL-004,Health,111,107,2,9.99
2025-10-02,S-05,FZ-004,Frozen,64,60,1,7.49
2025-12-14,S-01,MT-001,Meat,103,96,6,9.99
2025-11-20,S-04,BK-005,Bakery,112,101,8,6.29
2025-10-30,S-09,PT-003,Pantry,120,115,2,8.99
2025-11-29,S-06,DA-001,Dairy,60,52,5,4.79
2025-12-29,S-07,BK-004,Bakery,76,68,4,3.49
2025-10-04,S-06,DA-004,Dairy,93,83,8,3.29
2025-10-02,S-08,HH-003,Household,65,63,1,8.99
2025-11-23,S-07,HH-004,Household,116,113,1,2.99
2025-11-11,S-10,FP-002,Fresh Produce,92,84,7,3.99
2025-10-20,S-06,PT-002,Pantry,100,95,2,2.49
2025-11-18,S-04,SN-001,Snacks,28,26,1,4.29
2025-11-30,S-02,BV-002,Beverages,92,89,1,5.99
2025-10-12,S-03,DA-002,Dairy,106,100,6,5.49
2025-12-28,S-10,MT-002,Meat,23,23,0,7.49
2025-11-19,S-05,BK-004,Bakery,49,43,2,3.49
2025-10-09,S-08,FP-004,Fresh Produce,67,62,4,5.99
2025-11-11,S-07,SN-001,Snacks,40,39,0,4.29
2025-12-08,S-07,MT-001,Meat,115,112,2,9.99
2025-10-17,S-04,FZ-005,Frozen,75,73,1,3.99
2025-12-17,S-10,FZ-005,Frozen,95,92,0,3.99
2025-11-05,S-04,FP-001,Fresh Produce,38,33,2,2.49
2025-12-17,S-04,MT-004,Meat,62,54,5,6.49
2025-11-28,S-08,PT-002,Pantry,25,23,0,2.49
2025-12-22,S-08,BV-003,Beverages,109,105,2,12.99
2025-11-20,S-10,BK-002,Bakery,73,67,2,7.49
2025-11-25,S-08,BV-005,Beverages,104,104,0,3.99
2025-11-20,S-01,FZ-001,Frozen,40,37,1,8.99
2025-12-25,S-02,HH-005,Household,112,109,2,12.49
2025-12-03,S-07,HL-004,Health,90,88,0,9.99
2025-10-10,S-02,MT-003,Meat,118,106,9,8.99
2025-11-27,S-03,FZ-002,Frozen,46,43,0,5.49
2025-10-04,S-02,HH-001,Household,108,103,2,11.99
2025-11-18,S-06,HL-003,Health,71,68,0,5.49
2025-10-05,S-01,FZ-002,Frozen,34,32,0,5.49
2025-12-25,S-08,MT-002,Meat,79,73,2,7.49
2025-12-24,S-04,HL-001,Health,76,73,0,14.99
2025-11-05,S-03,BK-001,Bakery,22,20,1,5.99
2025-11-07,S-02,MT-005,Meat,114,109,5,7.99
2025-12-25,S-01,HH-004,Household,54,51,0,2.99
2025-11-15,S-03,BK-004,Bakery,111,104,2,3.49
2025-12-08,S-04,SN-004,Snacks,109,109,0,3.99
2025-11-19,S-05,SN-004,Snacks,26,26,0,3.99
2025-11-18,S-04,FZ-001,Frozen,67,66,0,8.99
2025-10-12,S-01,SN-002,Snacks,23,21,0,8.99
2025-10-25,S-02,BK-005,Bakery,32,25,2,6.29
2025-10-22,S-03,FP-003,Fresh Produce,73,67,4,4.29
2025-11-11,S-09,HH-001,Household,44,41,0,11.99
2025-11-24,S-02,BK-005,Bakery,47,44,1,6.29
2025-10-23,S-01,SN-001,Snacks,103,102,1,4.29
2025-11-19,S-04,SN-005,Snacks,48,46,0,4.49
2025-12-23,S-10,BV-004,Beverages,25,24,0,4.49
2025-11-22,S-05,HL-005,Health,96,95,1,4.49
2025-12-08,S-10,BK-001,Bakery,52,43,5,5.99
2025-11-11,S-07,HH-004,Household,118,115,2,2.99
2025-11-12,S-03,HH-001,Household,117,113,2,11.99
2025-12-25,S-08,FP-005,Fresh Produce,62,57,1,6.49
2025-11-27,S-07,MT-003,Meat,101,89,8,8.99
2025-12-15,S-01,BK-005,Bakery,22,21,1,6.29
2025-11-09,S-04,HL-003,Health,74,74,0,5.49
2025-10-08,S-03,BV-004,Beverages,83,81,1,4.49
2025-10-20,S-07,BK-004,Bakery,102,95,2,3.49
2025-12-16,S-08,HL-003,Health,62,60,0,5.49
2025-11-10,S-01,MT-004,Meat,73,66,5,6.49
2025-10-04,S-04,HL-002,Health,62,60,1,3.99
2025-10-27,S-09,FP-004,Fresh Produce,105,90,10,5.99
2025-12-29,S-04,PT-004,Pantry,68,66,1,3.49
2025-11-26,S-01,FP-005,Fresh Produce,82,79,2,6.49
2025-10-07,S-03,BK-004,Bakery,36,32,0,3.49
2025-12-10,S-04,FZ-001,Frozen,84,81,0,8.99
2025-11-29,S-05,BK-001,Bakery,112,105,4,5.99
2025-10-23,S-10,FZ-001,Frozen,58,54,1,8.99
2025-12-21,S-04,FZ-003,Frozen,120,119,1,2.99
2025-11-16,S-07,BV-005,Beverages,41,37,1,3.99
2025-11-24,S-09,PT-005,Pantry,114,112,1,4.99
2025-12-01,S-01,HL-004,Health,68,67,1,9.99
2025-11-08,S-10,MT-005,Meat,39,36,2,7.99
2025-11-02,S-07,SN-005,Snacks,59,56,1,4.49
2025-11-18,S-09,PT-004,Pantry,81,79,0,3.49
2025-10-18,S-08,BK-003,Bakery,39,36,3,4.99
2025-10-02,S-09,HL-002,Health,112,108,1,3.99
2025-11-21,S-07,SN-001,Snacks,115,111,1,4.29
2025-12-02,S-05,HH-002,Household,95,92,0,3.49
2025-10-05,S-02,BV-005,Beverages,92,91,0,3.99
2025-11-25,S-05,HL-005,Health,116,112,2,4.49
2025-12-05,S-08,HH-001,Household,108,107,1,11.99
2025-12-23,S-07,SN-003,Snacks,114,113,0,5.49
2025-12-01,S-01,BV-004,Beverages,100,98,2,4.49
2025-12-29,S-03,FZ-002,Frozen,97,95,1,5.49
2025-11-02,S-04,PT-004,Pantry,94,94,0,3.49
2025-10-15,S-02,HH-002,Household,111,107,1,3.49
2025-12-15,S-02,MT-004,Meat,44,40,3,6.49
2025-11-24,S-05,HH-005,Household,58,55,1,12.49
2025-11-22,S-02,DA-002,Dairy,101,93,6,5.49
2025-10-19,S-05,HL-003,Health,46,43,1,5.49
2025-10-01,S-03,MT-002,Meat,20,15,0,7.49
2025-11-23,S-09,SN-002,Snacks,103,99,1,8.99
2025-10-22,S-03,BV-004,Beverages,43,42,0,4.49
2025-12-02,S-03,MT-003,Meat,34,32,1,8.99
2025-10-24,S-04,FP-004,Fresh Produce,115,111,3,5.99
2025-11-03,S-07,SN-004,Snacks,100,98,2,3.99
2025-12-21,S-03,DA-001,Dairy,57,56,1,4.79
2025-11-05,S-02,BV-002,Beverages,23,20,0,5.99
2025-12-02,S-02,FP-001,Fresh Produce,27,26,1,2.49
2025-12-25,S-10,FP-003,Fresh Produce,32,31,1,4.29
2025-11-18,S-10,MT-004,Meat,117,110,4,6.49
2025-11-30,S-06,PT-004,Pantry,74,71,1,3.49
2025-12-27,S-06,BV-001,Beverages,50,46,1,6.49
2025-11-18,S-10,FP-004,Fresh Produce,65,60,5,5.99
2025-10-01,S-08,HH-005,Household,71,71,0,12.49
2025-12-17,S-02,MT-004,Meat,55,49,5,6.49
2025-11-17,S-08,PT-005,Pantry,107,102,2,4.99
2025-12-05,S-07,HH-003,Household,44,42,0,8.99
2025-10-03,S-06,FP-003,Fresh Produce,114,106,5,4.29
2025-10-30,S-10,MT-002,Meat,71,66,5,7.49
2025-11-14,S-07,MT-001,Meat,104,95,9,9.99
2025-11-19,S-05,PT-004,Pantry,44,44,0,3.49
2025-10-17,S-08,DA-001,Dairy,58,49,5,4.79
2025-11-29,S-03,SN-004,Snacks,34,32,1,3.99
2025-11-01,S-04,BK-001,Bakery,116,100,11,5.99
2025-10-12,S-02,SN-003,Snacks,111,110,0,5.49
2025-11-11,S-07,HL-005,Health,55,53,0,4.49
2025-12-25,S-08,HH-003,Household,35,32,0,8.99
2025-10-12,S-06,BK-005,Bakery,93,82,7,6.29
2025-10-09,S-06,BV-005,Beverages,111,106,2,3.99
2025-12-23,S-09,SN-003,Snacks,49,47,0,5.49
2025-10-15,S-05,DA-001,Dairy,34,29,0,4.79
2025-12-15,S-04,HL-003,Health,34,32,1,5.49
2025-11-10,S-07,PT-002,Pantry,114,112,0,2.49
2025-10-08,S-10,MT-005,Meat,44,38,3,7.99
2025-11-10,S-06,HH-004,Household,36,36,0,2.99
2025-11-20,S-01,MT-005,Meat,78,73,3,7.99
2025-10-29,S-08,HH-004,Household,78,76,0,2.99
2025-10-19,S-01,PT-004,Pantry,60,59,1,3.49
2025-11-05,S-10,MT-001,Meat,100,89,8,9.99
2025-11-07,S-07,FP-004,Fresh Produce,62,34,27,5.99
2025-10-29,S-01,HL-005,Health,42,38,1,4.49
2025-11-08,S-03,FP-002,Fresh Produce,90,83,4,3.99
2025-12-26,S-08,BV-003,Beverages,116,112,1,12.99
2025-10-10,S-09,HL-002,Health,56,54,1,3.99
2025-12-29,S-09,SN-001,Snacks,32,30,0,4.29
2025-12-14,S-01,HL-001,Health,58,56,1,14.99
2025-12-13,S-03,SN-004,Snacks,109,106,1,3.99
2025-10-19,S-04,BK-004,Bakery,115,106,4,3.49
2025-10-02,S-06,HL-002,Health,93,92,0,3.99
2025-11-18,S-07,HH-004,Household,41,41,0,2.99
2025-11-15,S-08,BK-002,Bakery,26,22,0,7.49
2025-12-23,S-06,PT-003,Pantry,75,72,0,8.99
2025-11-01,S-01,DA-003,Dairy,50,46,2,6.99
2025-12-28,S-10,BK-002,Bakery,103,90,8,7.49
2025-12-25,S-02,HL-005,Health,79,76,1,4.49
2025-12-20,S-08,BV-004,Beverages,21,21,0,4.49
2025-10-11,S-02,MT-002,Meat,102,91,7,7.49
2025-10-29,S-01,PT-003,Pantry,93,90,1,8.99
2025-12-28,S-02,PT-003,Pantry,43,39,1,8.99
2025-12-22,S-07,FZ-005,Frozen,93,93,0,3.99
2025-11-11,S-02,HL-001,Health,88,85,0,14.99
2025-12-29,S-01,SN-001,Snacks,91,90,1,4.29
2025-12-06,S-10,MT-005,Meat,111,97,9,7.99
2025-10-16,S-04,HH-003,Household,35,34,0,8.99
2025-10-01,S-09,SN-004,Snacks,60,60,0,3.99
2025-10-17,S-10,BK-004,Bakery,103,96,3,3.49
2025-11-02,S-01,DA-001,Dairy,35,31,2,4.79
2025-12-09,S-03,SN-003,Snacks,104,103,0,5.49
2025-11-08,S-01,MT-004,Meat,120,111,5,6.49
2025-11-26,S-03,PT-002,Pantry,82,79,1,2.49
2025-12-17,S-09,MT-003,Meat,46,38,3,8.99
2025-10-06,S-04,FP-003,Fresh Produce,44,42,1,4.29
2025-10-18,S-10,PT-001,Pantry,47,44,1,1.99
2025-10-17,S-10,SN-003,Snacks,29,26,1,5.49
2025-11-18,S-03,SN-001,Snacks,78,76,0,4.29
2025-12-26,S-07,HH-005,Household,38,38,0,12.49
2025-12-20,S-05,HH-001,Household,109,106,2,11.99
2025-11-17,S-10,HH-003,Household,102,99,2,8.99
2025-11-23,S-03,BV-001,Beverages,120,116,1,6.49
2025-10-04,S-10,FZ-001,Frozen,29,28,1,8.99
2025-12-08,S-02,HH-004,Household,90,89,1,2.99
2025-11-12,S-02,BV-004,Beverages,62,60,1,4.49
2025-10-29,S-05,FP-001,Fresh Produce,32,30,1,2.49
2025-11-18,S-02,DA-003,Dairy,42,38,2,6.99
2025-12-15,S-08,DA-002,Dairy,87,79,4,5.49
2025-11-06,S-09,FZ-003,Frozen,97,97,0,2.99
2025-10-22,S-06,HL-004,Health,69,67,0,9.99
2025-12-26,S-09,PT-001,Pantry,96,92,1,1.99
2025-12-15,S-03,FZ-002,Frozen,21,20,0,5.49
2025-10-19,S-07,PT-002,Pantry,114,113,1,2.49
2025-12-21,S-06,HL-001,Health,119,116,0,14.99
2025-11-28,S-03,SN-004,Snacks,65,62,1,3.99
2025-11-05,S-07,MT-004,Meat,111,100,10,6.49
2025-11-09,S-02,FZ-005,Frozen,72,71,1,3.99
2025-12-21,S-02,FP-005,Fresh Produce,113,109,4,6.49
2025-10-22,S-10,FP-004,Fresh Produce,30,24,2,5.99
2025-12-03,S-01,SN-003,Snacks,106,103,2,5.49
2025-12-01,S-08,MT-003,Meat,107,93,10,8.99
2025-12-29,S-02,SN-001,Snacks,21,21,0,4.29
2025-11-24,S-09,HL-003,Health,64,64,0,5.49
2025-12-17,S-08,BK-001,Bakery,106,92,10,5.99
2025-10-29,S-03,FP-005,Fresh Produce,66,57,5,6.49
2025-11-15,S-01,SN-003,Snacks,83,81,1,5.49
2025-11-17,S-02,BV-002,Beverages,106,106,0,5.99
2025-11-07,S-05,MT-001,Meat,57,55,2,9.99
2025-12-20,S-10,SN-001,Snacks,47,46,1,4.29
2025-11-29,S-10,MT-002,Meat,27,22,1,7.49
2025-11-28,S-06,FZ-005,Frozen,65,65,0,3.99
2025-11-14,S-03,SN-001,Snacks,65,65,0,4.29
2025-11-25,S-08,BK-003,Bakery,30,28,1,4.99
2025-11-22,S-02,MT-002,Meat,20,15,0,7.49
2025-11-02,S-04,MT-001,Meat,70,65,3,9.99
2025-11-24,S-03,MT-005,Meat,54,50,1,7.99
2025-12-24,S-08,BK-001,Bakery,37,33,1,5.99
2025-10-01,S-06,HL-001,Health,45,44,0,14.99
2025-11-06,S-01,DA-004,Dairy,70,65,3,3.29
2025-10-05,S-03,HH-003,Household,45,42,1,8.99
2025-10-16,S-07,MT-002,Meat,90,80,5,7.49
2025-10-17,S-06,HL-004,Health,117,113,1,9.99
2025-10-17,S-02,DA-002,Dairy,22,20,0,5.49
2025-12-04,S-01,HL-005,Health,107,107,0,4.49
2025-12-26,S-06,SN-003,Snacks,96,93,0,5.49
2025-12-01,S-05,FZ-004,Frozen,82,79,0,7.49
2025-11-01,S-10,DA-005,Dairy,113,106,6,4.99
2025-11-05,S-02,FZ-002,Frozen,109,106,0,5.49
2025-10-26,S-08,HL-001,Health,120,119,0,14.99
2025-10-25,S-10,HH-001,Household,101,100,0,11.99
2025-10-16,S-03,SN-001,Snacks,24,22,1,4.29
2025-10-19,S-07,FP-002,Fresh Produce,98,54,44,3.99
2025-11-18,S-07,MT-004,Meat,59,54,4,6.49
2025-10-29,S-06,SN-003,Snacks,81,78,0,5.49
2025-12-22,S-01,FZ-005,Frozen,34,31,1,3.99
2025-11-05,S-06,HL-001,Health,73,71,0,14.99
2025-10-07,S-03,FP-003,Fresh Produce,20,15,0,4.29
2025-11-11,S-04,FZ-004,Frozen,80,79,1,7.49
2025-11-25,S-03,FZ-002,Frozen,82,79,1,5.49
2025-11-08,S-02,DA-002,Dairy,105,99,2,5.49
2025-10-17,S-06,BV-004,Beverages,114,111,1,4.49
2025-10-31,S-05,BK-004,Bakery,94,90,4,3.49
2025-10-17,S-10,DA-003,Dairy,25,19,1,6.99
2025-10-25,S-04,HL-001,Health,77,77,0,14.99
2025-12-09,S-10,BV-002,Beverages,58,56,1,5.99
2025-12-08,S-03,FP-003,Fresh Produce,36,31,1,4.29
2025-11-02,S-09,BV-003,Beverages,66,65,1,12.99
2025-11-25,S-02,MT-001,Meat,73,65,4,9.99
2025-10-03,S-03,PT-004,Pantry,55,53,0,3.49
2025-10-06,S-10,FP-004,Fresh Produce,108,102,3,5.99
2025-12-03,S-09,MT-003,Meat,29,25,0,8.99
2025-11-19,S-09,HL-005,Health,69,66,1,4.49
2025-10-27,S-03,FP-001,Fresh Produce,40,34,2,2.49
2025-12-29,S-01,MT-003,Meat,78,69,4,8.99
2025-12-07,S-05,FZ-005,Frozen,48,45,1,3.99
2025-12-10,S-02,BK-001,Bakery,48,46,1,5.99
2025-11-07,S-01,HH-001,Household,38,36,1,11.99
2025-11-04,S-01,HH-002,Household,51,51,0,3.49
2025-10-01,S-06,HH-001,Household,97,94,1,11.99
2025-10-11,S-09,FZ-002,Frozen,112,109,0,5.49
2025-12-18,S-05,BV-001,Beverages,27,25,0,6.49
2025-10-29,S-05,BK-002,Bakery,52,43,5,7.49
2025-12-24,S-10,DA-002,Dairy,112,101,8,5.49
2025-12-23,S-05,HH-001,Household,101,98,2,11.99
2025-11-26,S-04,BV-001,Beverages,54,51,0,6.49
2025-10-20,S-08,BK-005,Bakery,113,103,8,6.29
2025-10-19,S-08,DA-001,Dairy,83,80,2,4.79
2025-10-23,S-04,PT-002,Pantry,82,80,0,2.49
2025-10-03,S-05,BK-001,Bakery,42,34,3,5.99
2025-12-17,S-04,FP-005,Fresh Produce,38,37,0,6.49
2025-11-28,S-07,DA-002,Dairy,112,101,6,5.49
2025-10-02,S-10,DA-002,Dairy,68,65,3,5.49
2025-10-02,S-01,DA-004,Dairy,51,45,4,3.29
2025-10-19,S-10,FP-001,Fresh Produce,21,19,2,2.49
2025-12-09,S-06,HL-001,Health,30,29,0,14.99
2025-12-01,S-10,SN-004,Snacks,40,37,1,3.99
2025-12-01,S-03,FZ-001,Frozen,27,26,1,8.99
2025-10-03,S-01,DA-002,Dairy,89,82,3,5.49
2025-11-23,S-03,FP-001,Fresh Produce,48,44,1,2.49
2025-11-19,S-03,BV-003,Beverages,103,101,1,12.99
2025-12-27,S-07,HH-004,Household,111,108,0,2.99
2025-10-22,S-02,BK-005,Bakery,33,28,3,6.29
2025-11-15,S-02,PT-005,Pantry,62,60,0,4.99
2025-10-11,S-01,PT-004,Pantry,39,36,0,3.49
2025-12-07,S-06,PT-004,Pantry,43,41,1,3.49
2025-12-25,S-05,PT-005,Pantry,56,55,1,4.99
2025-11-04,S-08,HH-003,Household,67,66,1,8.99
2025-10-01,S-03,HL-005,Health,103,101,0,4.49
2025-10-19,S-07,SN-004,Snacks,112,111,1,3.99
2025-10-15,S-10,SN-003,Snacks,113,111,1,5.49
2025-10-12,S-06,DA-004,Dairy,43,38,3,3.29
2025-11-10,S-08,SN-003,Snacks,81,78,1,5.49
2025-10-18,S-04,BV-005,Beverages,73,69,1,3.99
2025-12-08,S-09,BK-005,Bakery,69,63,1,6.29
2025-11-23,S-09,PT-002,Pantry,119,116,2,2.49
2025-12-29,S-02,FZ-001,Frozen,66,65,0,8.99
2025-10-03,S-06,PT-001,Pantry,80,80,0,1.99
2025-10-08,S-06,BV-004,Beverages,119,117,0,4.49
2025-11-28,S-03,PT-001,Pantry,73,72,0,1.99
2025-10-29,S-01,HL-003,Health,37,36,0,5.49
2025-11-18,S-01,HH-005,Household,74,73,1,12.49
2025-12-29,S-02,HH-003,Household,94,91,0,8.99
2025-12-16,S-03,FP-002,Fresh Produce,38,37,1,3.99
2025-11-01,S-02,FP-001,Fresh Produce,92,82,7,2.49
2025-10-20,S-03,MT-001,Meat,115,108,3,9.99
2025-12-29,S-05,MT-001,Meat,72,64,5,9.99
2025-12-22,S-01,FZ-004,Frozen,34,34,0,7.49
2025-12-22,S-01,PT-004,Pantry,116,115,0,3.49
2025-10-02,S-07,SN-003,Snacks,107,104,1,5.49
2025-12-13,S-09,FZ-005,Frozen,110,107,0,3.99
2025-10-21,S-05,DA-001,Dairy,86,81,4,4.79
2025-10-28,S-07,PT-005,Pantry,27,24,0,4.99
2025-10-24,S-09,PT-004,Pantry,29,25,1,3.49
2025-11-10,S-07,BV-005,Beverages,41,39,0,3.99
2025-12-22,S-07,BK-003,Bakery,54,53,1,4.99
2025-11-16,S-10,HL-005,Health,62,61,0,4.49
2025-11-06,S-03,MT-005,Meat,33,29,0,7.99
2025-10-02,S-05,BK-003,Bakery,90,87,3,4.99
2025-10-31,S-05,DA-001,Dairy,92,83,5,4.79
2025-12-01,S-01,FP-004,Fresh Produce,60,57,1,5.99
2025-10-02,S-06,HL-004,Health,56,54,1,9.99
2025-11-10,S-07,HL-002,Health,65,65,0,3.99
2025-11-12,S-07,HL-003,Health,84,83,0,5.49
2025-10-04,S-10,BV-005,Beverages,81,79,0,3.99
2025-10-21,S-03,HH-004,Household,79,79,0,2.99
2025-10-30,S-04,HH-004,Household,103,102,0,2.99
2025-12-04,S-09,HL-002,Health,97,93,1,3.99
2025-10-17,S-06,FZ-004,Frozen,66,65,1,7.49
2025-12-27,S-07,FZ-001,Frozen,46,45,0,8.99
2025-12-12,S-08,DA-002,Dairy,21,19,0,5.49
2025-12-10,S-02,MT-002,Meat,32,30,1,7.49
2025-11-07,S-03,FP-005,Fresh Produce,55,50,3,6.49
2025-10-12,S-02,BK-002,Bakery,110,100,8,7.49
2025-11-30,S-05,HL-004,Health,76,76,0,9.99
2025-12-12,S-08,FP-003,Fresh Produce,66,58,5,4.29
2025-11-22,S-10,HH-004,Household,36,33,1,2.99
2025-12-05,S-10,BV-001,Beverages,67,64,0,6.49
2025-12-04,S-08,FZ-002,Frozen,107,107,0,5.49
2025-11-01,S-09,FP-001,Fresh Produce,39,34,3,2.49
2025-11-18,S-03,PT-002,Pantry,71,70,0,2.49
2025-11-19,S-08,HH-003,Household,31,27,1,8.99
2025-11-29,S-09,SN-005,Snacks,33,32,0,4.49
2025-10-14,S-07,HL-005,Health,75,72,0,4.49
2025-11-12,S-02,BV-001,Beverages,63,61,1,6.49
2025-12-29,S-08,DA-003,Dairy,55,48,3,6.99
2025-10-20,S-08,DA-005,Dairy,101,94,3,4.99
2025-10-05,S-10,HL-005,Health,68,66,0,4.49
2025-11-25,S-08,BK-004,Bakery,26,26,0,3.49
2025-12-27,S-07,FZ-003,Frozen,52,52,0,2.99
2025-10-19,S-02,FZ-003,Frozen,71,69,0,2.99
2025-11-27,S-07,MT-004,Meat,47,42,3,6.49
2025-10-24,S-01,DA-001,Dairy,74,69,3,4.79
2025-10-22,S-04,BV-003,Beverages,73,69,1,12.99
2025-12-08,S-03,HH-005,Household,75,71,1,12.49
2025-10-02,S-09,PT-004,Pantry,45,44,0,3.49
2025-11-11,S-06,FP-001,Fresh Produce,39,35,3,2.49
2025-12-03,S-06,DA-003,Dairy,106,97,5,6.99
2025-10-01,S-08,DA-004,Dairy,101,92,5,3.29
2025-10-13,S-01,BK-004,Bakery,115,101,11,3.49
2025-12-29,S-09,HL-005,Health,41,39,1,4.49
2025-11-14,S-04,BK-003,Bakery,106,99,7,4.99
2025-11-17,S-06,FP-002,Fresh Produce,58,49,5,3.99
